165.245,42,82.098,976,2616.676187,226682,30.20528435,0.965995999,132,510.8111821,14212.5,18.35905462,0.250302269,71,124,1832,8296,0,150,120,1.5
163.11,45,96,940,2505.019333,212841,29.48267419,0.963929791,148,599.8822498,19509,18.44577957,0.462582152,49,133,1865,6585,108,150,120,1.5
165.109,46,81.099,936,2563.747255,223373.5,29.42515556,0.96197929,156,632.1248904,21353.5,18.71271113,0.50743134,50,125,2057,6655,52,150,120,1.5
165.048,51,91,972,2573.019333,220739,29.99211054,0.960495177,152,641.539104,21337,19.28914196,0.606691398,49,136,2114,6637,83,150,120,1.5
165.027,47,81.154,1020,2767.303604,243050,31.5077936,0.971515338,156,668.1248904,23171.5,19.26465137,0.6406172,50,128,2144,6599,0,150,120,1.5
164.149,43,95.131,960,2563.948265,220442.5,29.82106766,0.957570266,156,673.539104,23841,19.02835135,0.639068196,44,133,1868,6195,87,150,120,1.5
167.027,46,81.154,1020,3187.68838,235654.5,43.11972488,0.930459067,160,723.7817446,25148.5,20.83066639,0.704335291,56,127,2168,7174,4,150,120,1.5
166.027,36,100.125,1004,2649.504614,215986,32.50152649,0.959429364,168,714.9533175,26244.5,19.47677594,0.58534444,58,133,1473,7679,23,150,120,1.5
167.027,32,97.082,1036,2775.989895,241196,31.94961732,0.969083446,176,764.0243852,29701,19.65365682,0.625355535,63,128,1403,8261,15,150,120,1.5
169.027,45,96.13,980,2585.705625,224535,29.77653184,0.959379552,172,717.539104,26759,19.24071773,0.603501749,47,139,1827,6614,16,150,120,1.5
168.012,41,89.09,1012,2704.717817,236913.5,30.8783521,0.962367493,180,790.2670258,29292.5,21.32020046,0.60657756,50,130,1825,6810,5,150,120,1.5
167.108,41,103.005,964,2594.232536,218403.5,30.81471886,0.95345704,184,750.0243852,28520,19.72428396,0.577007604,36,140,1704,5861,43,150,120,1.5
171.187,33,94.133,980,2661.404109,223913.5,31.63307184,0.959387387,184,766.2670258,29160.5,20.13563399,0.524385996,69,128,1445,8867,0,150,120,1.5
167.048,40,101.124,972,2623.161468,221124,31.11817844,0.955496653,188,770.6101717,30585.5,19.41573741,0.550170163,61,138,1660,8282,28,150,120,1.5
164.11,34,93.193,968,2562.090401,216089.5,30.37772414,0.955143395,188,768.8528123,30107,19.63445866,0.542907155,66,129,1434,8572,0,150,120,1.5
169.047,46,96.13,980,2562.232536,221911.5,29.58402592,0.960279677,192,776.8528123,31171,19.36095383,0.524415035,58,138,1871,7811,41,150,120,1.5
169.189,42,87.092,984,2668.090401,229980.5,30.95352165,0.951413255,188,770.6101717,30993.5,19.16014767,0.537622387,51,127,1784,6719,23,150,120,1.5
167.048,40,101.005,968,2552.676187,221326,29.44143804,0.95725142,188,762.2670258,30122.5,19.28960142,0.452052915,47,137,1637,6748,41,150,120,1.5
160.312,34,92.136,916,2503.362479,216261,28.97805753,0.960866334,192,775.0954529,30704.5,19.56628381,0.519769658,59,125,1725,7808,13,150,120,1.5
167.048,38,99.02,916,2408.877198,207895,27.91163497,0.961030673,188,776.8528123,30367,19.87355656,0.54263156,63,133,1434,8063,31,150,120,1.5
159.079,29,91.137,864,2329.119838,204107.5,26.5781474,0.950488985,180,782.2670258,29812.5,20.52634632,0.63313921,70,120,1105,8301,6,150,120,1.5
166.048,45,98.046,872,2300.735062,208907,25.33846078,0.949749148,184,759.6812394,29968,19.25772776,0.611646407,44,138,1841,6341,86,150,120,1.5
156.461,29,97.252,856,2531.303604,219060,29.24996774,0.952531797,188,894.6518018,37475,21.3582881,0.749643492,78,127,1170,9819,0,150,120,1.5
164.012,41,104.019,884,2370.090401,219689.5,25.56939912,0.947477925,188,893.8233747,38759,20.61250871,0.757287764,53,136,1599,7102,103,150,120,1.5
149.335,35,85.147,880,2695.244729,222919,32.58737096,0.953044163,188,894.4091612,38074.5,21.01059102,0.747675362,53,120,1704,6932,9,150,120,1.5
163.028,46,96,884,2396.232536,219558.5,26.15216613,0.938732172,196,886.9949477,38678,20.34128024,0.723089507,64,136,1837,8174,67,150,120,1.5
149.03,33,88.142,868,2604.658942,223300.5,30.38169733,0.943695045,188,873.5807341,37268.5,20.4768987,0.7314513,68,121,1445,8027,4,150,120,1.5
164.027,41,99.005,892,2421.646749,229386,25.56552265,0.940299481,192,862.7523071,36793.5,20.23024565,0.710940112,49,136,1616,6822,34,150,120,1.5
154.392,30,96.083,900,2445.989895,233141,25.66200955,0.936138117,184,888.0660154,36542.5,21.58202771,0.749939899,67,125,1440,8642,6,150,120,1.5
165.109,47,97,888,2431.060963,232453.5,25.42468668,0.939944129,192,875.4802289,36645,20.91596756,0.681431999,47,137,2004,6640,92,150,120,1.5
156.205,40,89.14,884,2466.232536,237787.5,25.57873278,0.940170379,200,883.9655101,36342,21.50115632,0.666438081,53,129,1960,7373,4,150,120,1.5
169.027,51,99.02,884,2414.575682,236636.5,24.63768575,0.927293518,200,892.0660154,38016.5,20.93253655,0.639420164,39,141,2066,5898,102,150,120,1.5
157.385,41,89.09,896,2480.717817,245677.5,25.04893972,0.940503169,200,886.6518018,37983,20.69745459,0.619692746,57,127,1908,7528,22,150,120,1.5
169.047,45,105.043,892,2434.232536,240431.5,24.64522344,0.92870704,208,900.308656,38169,21.23596835,0.611623348,41,143,1825,6240,85,150,120,1.5
157.385,29,101.178,896,2468.575682,249977.5,24.37765758,0.932608204,200,894.308656,36576,21.86646906,0.648966553,59,128,1308,8088,18,150,120,1.5
170.106,41,106.019,892,2455.88939,246913.5,24.42714836,0.928052788,184,878.0660154,35779.5,21.54865013,0.758807684,52,141,1575,7401,41,150,120,1.5
154.392,25,95.084,900,2485.161468,254097,24.30578686,0.927908548,180,863.2375883,34970.5,21.30879266,0.73728116,66,119,1117,8159,9,150,120,1.5
166.012,45,96.021,896,2474.374671,251717.5,24.3230209,0.929035471,196,886.4091612,38486.5,20.41550157,0.692083594,55,134,1825,7151,62,150,120,1.5
152.266,45,80.056,896,2468.818322,254322,23.96593259,0.92953297,208,913.4802289,38234,21.82471435,0.637231096,66,122,2169,7972,22,150,120,1.5
165.048,49,88,896,2492.031525,256989.5,24.16527183,0.923013584,196,848.0660154,34630.5,20.76828132,0.633542544,61,132,1946,7544,52,150,120,1.5
157.204,48,69.354,932,2547.303604,261808,24.78440555,0.920665181,208,863.5807341,37441.5,19.91831749,0.567863467,80,119,2013,8227,0,150,120,1.5
170.047,47,96.021,888,2441.303604,254349,23.43222613,0.914242932,192,829.3380935,34170,20.1288169,0.594302936,49,135,1888,6724,68,150,120,1.5
160.253,49,69.181,876,2402.960458,250301,23.06910065,0.910742714,196,816.4091612,32233.5,20.67798776,0.532230127,76,119,1942,7896,0,150,120,1.5
168.027,45,97.021,880,2430.717817,251342.5,23.50732211,0.909577375,200,831.5807341,33581.5,20.59248447,0.527607352,61,135,1785,7870,56,150,120,1.5
157.115,37,83.15,876,2435.303604,257424,23.03865856,0.916520164,188,814.5096664,33637,19.72310244,0.578598609,78,122,1453,8755,0,150,120,1.5
165.027,43,96,872,2455.93102,251813,23.95268384,0.900306207,192,892.4091612,40211.5,19.80513313,0.730261112,50,134,1700,6672,46,150,120,1.5
158.114,41,87.092,868,2410.232536,256535.5,22.64490052,0.907749717,192,865.92388,36851.5,20.34718169,0.689879577,72,128,1652,8657,3,150,120,1.5
166.048,43,91.137,868,2407.161468,255456,22.68267856,0.900861843,208,894.9949477,39346,20.3582564,0.645056477,64,134,1688,8121,11,150,120,1.5
163.371,38,94.085,872,2396.717817,252739.5,22.72797206,0.897296921,212,884.7523071,39458.5,19.83822611,0.620910617,64,131,1494,8539,11,150,120,1.5
163.028,44,97.021,880,2434.516807,257295.5,23.03527299,0.898693099,200,861.3380935,37694,19.68226538,0.595602353,54,133,1878,7160,65,150,120,1.5
177.102,49,96.083,888,2452.859953,262085.5,22.95633275,0.896914776,208,883.5807341,38043.5,20.52163743,0.577299482,61,141,1893,8117,28,150,120,1.5
163.028,42,96.005,880,2432.759447,257945,22.94411029,0.901247899,180,829.3380935,34290,20.05837484,0.7288626,55,135,1611,7285,26,150,120,1.5
176.182,49,100.125,884,2451.445739,262626,22.88267807,0.906499424,200,861.92388,37849.5,19.62807368,0.686413779,47,140,1902,6716,61,150,120,1.5
164.027,45,106.042,888,2453.303604,266031,22.62404972,0.900854305,196,849.2375883,36417.5,19.80378888,0.65447079,47,136,1843,6399,147,150,120,1.5
170.106,46,95.021,868,2448.232536,264472.5,22.66338674,0.89299618,208,880.9949477,39533,19.63301793,0.650940871,55,135,1935,7473,45,150,120,1.5
163.028,45,92,848,2406.132031,253575,22.83139643,0.878117695,196,850.6518018,35841,20.18940565,0.629078853,50,134,1903,6777,24,150,120,1.5
172.105,54,87.052,876,2447.303604,253854,23.59346289,0.905246238,208,874.4091612,38492.5,19.86338589,0.630689543,53,138,2351,7128,23,150,120,1.5
162.028,42,98,856,2376.575682,258807.5,21.82360237,0.903518169,196,849.2375883,35757.5,20.1693206,0.64926226,60,133,1743,7743,77,150,120,1.5
168.107,41,100.005,860,2412.818322,257302,22.62591141,0.902743525,208,868.4091612,37667.5,20.02082621,0.60793236,58,135,1640,7633,53,150,120,1.5
160.078,44,95.047,852,2376.333041,259503,21.76066836,0.902118923,196,838.9949477,35378,19.89689983,0.624142214,55,132,1736,6974,87,150,120,1.5
164.149,43,98.082,852,2375.161468,257788,21.88384254,0.892472137,196,916.0660154,40740.5,20.59810126,0.753228376,54,134,1628,7168,71,150,120,1.5
161.112,44,96.021,856,2401.404109,265899.5,21.68767408,0.904561369,188,886.6518018,39231,20.03903591,0.738908401,55,132,1782,7106,70,150,120,1.5
166.108,50,95.047,860,2436.475177,264047,22.48240384,0.894624913,200,911.4802289,41115,20.20664496,0.708141205,52,136,2009,6990,99,150,120,1.5
162.028,45,95,856,2404.232536,266342.5,21.70263509,0.902152404,200,890.8944424,39505.5,20.09069389,0.682389493,54,134,1826,7091,53,150,120,1.5
165.148,36,107.005,872,2459.060963,269135.5,22.46816499,0.895088404,204,922.8944424,43077.5,19.77213515,0.697238223,52,135,1350,7175,113,150,120,1.5
161.012,40,95.084,864,2414.232536,268065.5,21.74289022,0.893502449,200,888.9949477,40705,19.41560047,0.667925403,58,132,1546,7324,37,150,120,1.5
166.108,42,97.082,880,2459.646749,270287,22.38310438,0.893248057,196,883.5807341,39411.5,19.80931743,0.692263559,60,132,1784,7774,68,150,120,1.5
158.028,42,99,864,2420.374671,262772.5,22.29386085,0.891931203,196,877.5807341,39006.5,19.74409252,0.680793421,47,132,1655,6268,109,150,120,1.5
165.109,43,95.189,860,2427.404109,262886.5,22.41382006,0.890298273,192,880.7523071,40096.5,19.34644237,0.70029501,60,134,1746,7806,41,150,120,1.5
161.003,42,93.134,864,2416.433546,267533.5,21.82586885,0.885543843,196,873.8233747,38349,19.91100916,0.693628542,55,132,1653,7070,40,150,120,1.5
165.109,40,97.046,880,2441.261974,265949.5,22.40936728,0.882380745,176,853.8233747,35095,20.77259881,0.737083444,55,130,1721,7192,51,150,120,1.5
163.077,40,96.047,884,2456.575682,272987.5,22.10637513,0.89045178,200,866.7523071,38603.5,19.46091836,0.657913738,53,130,1546,6962,51,150,120,1.5
161.112,43,94.048,848,2379.747255,266221.5,21.27250052,0.884974186,200,862.1665206,37382,19.88473354,0.629393984,58,129,1725,7269,82,150,120,1.5
161.003,45,83.054,916,2546.333041,280514,23.1140405,0.893886679,204,849.5807341,37148.5,19.4297865,0.608275291,66,127,1913,7786,11,150,120,1.5
164.049,44,97.082,864,2417.060963,260996.5,22.38414576,0.879218054,196,829.3380935,35454,19.39983284,0.653031856,57,133,1900,7524,69,150,120,1.5
161.028,47,87,908,2509.404109,276237.5,22.79599613,0.885116581,200,884.1665206,40359,19.36991591,0.679424255,64,130,1996,7757,40,150,120,1.5
161.112,50,86.052,860,2386.333041,265726,21.43029054,0.882596202,208,863.5807341,38509.5,19.3659145,0.632734741,59,130,2098,7251,46,150,120,1.5
164.027,47,89,904,2495.504614,276159,22.55057152,0.896732934,216,880.1665206,40025,19.35523058,0.590410827,61,131,1918,7488,42,150,120,1.5
169.047,51,85.006,868,2426.575682,269330.5,21.86261689,0.89155364,212,855.3380935,38381,19.0615996,0.567617542,57,132,2188,7316,21,150,120,1.5
167.003,47,89,896,2496.918828,273302.5,22.8120988,0.890766854,216,882.5096664,40755,19.10988373,0.627435681,60,132,1950,7482,30,150,120,1.5
170.106,47,102.044,872,2409.161468,268871,21.58677946,0.892485866,212,854.7523071,37817.5,19.31913813,0.557223764,55,140,1939,7625,89,150,120,1.5
172.026,47,94,912,2521.788885,274710,23.14957293,0.896021046,200,846.2670258,38468.5,18.61699518,0.649732995,55,138,1891,7521,24,150,120,1.5
170.074,42,101.005,868,2498.374671,267077.5,23.371029,0.884902838,208,844.2670258,38337.5,18.59241763,0.604147485,61,138,1712,8131,35,150,120,1.5
174.003,40,102,872,2417.504614,271218,21.54845386,0.885571188,224,881.8233747,39581,19.64610455,0.565748671,66,139,1420,8479,24,150,120,1.5
170.012,42,104.005,840,2383.404109,256416.5,22.15385962,0.893059107,228,889.8233747,39865,19.86167411,0.560555098,55,140,1826,7729,69,150,120,1.5
170.026,40,102.005,884,2439.88939,265317.5,22.43749559,0.89147583,220,883.92388,42122.5,18.54879045,0.522540767,55,135,1567,7411,66,150,120,1.5
166.148,40,97.082,876,2410.575682,267922.5,21.68864174,0.891251421,224,870.4091612,40558.5,18.67949031,0.477072354,68,135,1628,8768,27,150,120,1.5
170.074,42,103.044,872,2402.575682,267482.5,21.58036472,0.886967872,208,858.1665206,37900,19.43139253,0.666304478,45,138,1662,6452,57,150,120,1.5
164.149,40,100.045,880,2470.433546,270854.5,22.53254758,0.894452125,204,858.4091612,37276.5,19.76758247,0.65428466,57,134,1696,7637,43,150,120,1.5
169.074,37,102.005,876,2404.575682,271105.5,21.32743234,0.882543408,224,879.2375883,39270.5,19.6854824,0.440458615,64,133,1331,8115,67,150,120,1.5
165.245,47,97,884,2478.132031,274095,22.40514552,0.886674524,220,857.2375883,37709.5,19.4872985,0.412390046,52,136,1922,7047,84,150,120,1.5
170.074,41,107.019,876,2420.818322,272130,21.5351536,0.884111782,228,948.6518018,45716,19.68545457,0.662883483,44,137,1676,6340,154,150,120,1.5
167.027,51,89.09,888,2475.504614,278653,21.9919509,0.883579484,208,933.2375883,44307.5,19.65654565,0.717191012,63,136,2054,7935,41,150,120,1.5
165.012,43,101,876,2434.717817,273876.5,21.64424786,0.891501237,220,968.308656,48119,19.4854767,0.673933344,43,137,1730,6291,75,150,120,1.5
171,48,100.005,888,2457.646749,273636,22.0732197,0.883001582,212,913.5807341,44364.5,18.81300945,0.635310251,38,142,1995,5941,72,150,120,1.5
165.048,42,103,872,2409.88939,270840.5,21.44275643,0.887875183,216,947.1370831,43954,20.40926091,0.685458038,50,138,1750,7047,88,150,120,1.5
170.074,52,97.046,884,2447.161468,275056,21.77229092,0.883296288,204,873.5807341,38684.5,19.72736623,0.663226367,62,141,2323,8297,66,150,120,1.5
164.076,44,98.046,876,2419.060963,272671.5,21.46119394,0.885033106,212,921.4802289,43714,19.42457364,0.644270735,41,137,1937,6070,58,150,120,1.5
171.026,53,98.082,884,2443.504614,275417,21.67881721,0.882175266,216,913.2375883,43621.5,19.11907873,0.624340759,41,144,2284,6339,85,150,120,1.5
160.003,44,95.021,872,2456.918828,275770.5,21.88939762,0.883735758,216,907.8233747,42868,19.22513949,0.646491318,56,138,1951,7636,10,150,120,1.5
171.026,52,97.046,872,2425.404109,274491.5,21.4308461,0.885537365,212,890.1665206,41868,18.92606369,0.612422289,41,143,2286,6318,54,150,120,1.5
157.115,42,99.045,872,2436.232536,272374.5,21.79069248,0.888572626,212,882.9949477,41356,18.852889,0.572566163,69,138,1668,9022,19,150,120,1.5
181.025,55,112.161,880,2446.818322,274709,21.7936795,0.888668456,216,884.4091612,41319.5,18.93003459,0.547720045,43,151,2388,6881,149,150,120,1.5
159.05,43,98.127,876,2445.989895,275477,21.71820721,0.893739359,208,858.7523071,39051.5,18.88417922,0.57527457,56,142,1854,7878,5,150,120,1.5
181.044,55,113.159,880,2475.646749,277203,22.10952561,0.887700266,212,897.4802289,41266,19.51899291,0.606592685,46,150,2452,7203,149,150,120,1.5
162.049,47,103.121,880,2446.232536,272285.5,21.97712923,0.892092442,212,922.0660154,42561.5,19.97593451,0.682362594,43,148,2035,6862,11,150,120,1.5
179.025,53,99.045,876,2421.989895,271817,21.58082479,0.880340244,212,921.4802289,43654,19.45127164,0.648239039,58,145,2505,8361,58,150,120,1.5
164,45,101.316,876,2453.747255,276792.5,21.75230756,0.884626021,216,911.4802289,41895,19.83043818,0.647480654,61,146,2029,8588,6,150,120,1.5
178.045,43,111.041,880,2457.747255,275122.5,21.95575269,0.884342409,212,909.1370831,41897,19.72767109,0.605529566,66,147,1817,9354,50,150,120,1.5
163.15,34,105.119,884,2489.747255,274854.5,22.55317411,0.887126229,216,894.0660154,41279.5,19.36443125,0.60480655,55,138,1564,7863,19,150,120,1.5
183.044,42,122.066,872,2422.333041,273112,21.48458274,0.88092832,220,912.8944424,43190.5,19.29536039,0.579886301,52,150,1777,8040,108,150,120,1.5
159.201,33,103.044,884,2501.747255,276120.5,22.66669561,0.886756407,220,900.308656,41925,19.33346872,0.559295412,61,135,1672,8582,11,150,120,1.5
179.045,46,107.042,872,2443.404109,276270.5,21.61006564,0.888689134,212,934.6518018,45051,19.39077913,0.710240638,57,148,1942,8387,33,150,120,1.5
165.076,36,103,884,2500.475177,277707,22.51429063,0.884015168,216,926.5512966,42248.5,20.32018427,0.627461107,61,136,1799,8481,19,150,120,1.5
182.044,52,112.071,876,2458.132031,269857,22.39116673,0.881256112,220,949.6223643,43906,20.53893852,0.631960491,55,151,2304,8285,120,150,120,1.5
170.106,37,102.044,876,2464.433546,273533.5,22.20361566,0.889918022,216,917.1370831,41845,20.10133658,0.6302737,45,138,1988,6839,17,150,120,1.5
185.043,54,108.116,884,2514.374671,279465.5,22.62204096,0.894054351,220,940.5512966,44425.5,19.91281452,0.586793823,55,153,2493,8485,85,150,120,1.5
167.299,40,100.125,888,2517.161468,274145,23.11222841,0.895056777,220,912.8944424,43214.5,19.28464434,0.575544883,69,140,2135,9826,7,150,120,1.5
184.043,46,111.041,856,2400.433546,265369.5,21.71342679,0.885496242,228,950.5512966,45644.5,19.79532622,0.57751445,54,150,2073,8285,60,150,120,1.5
162.151,34,97.046,852,2442.575682,263706.5,22.62430377,0.89327183,224,925.1370831,42705,20.04164904,0.580010601,64,131,1745,8558,8,150,120,1.5
181.044,47,110.041,868,2471.84776,273254,22.36026316,0.891331461,216,969.7228695,47266.5,19.89490323,0.699238725,52,150,2077,8019,65,150,120,1.5
160.153,36,99.045,880,2458.818322,271187,22.29379558,0.892667597,224,967.7228695,47675.5,19.64295188,0.65649915,61,135,1750,8631,4,150,120,1.5
180.1,48,106.019,872,2456.575682,269471.5,22.39481385,0.885039476,228,968.5512966,46919.5,19.99364047,0.636837971,66,149,2065,9392,34,150,120,1.5
166.148,41,101.045,880,2482.676187,277509,22.21074289,0.903520143,224,944.308656,45011,19.81113145,0.601648027,48,140,1854,7291,44,150,120,1.5
185.097,49,110.073,872,2406.090401,262427.5,22.06045866,0.884994043,220,937.4802289,45242,19.42595773,0.640971755,61,154,2056,9045,33,150,120,1.5
166.193,42,100.125,872,2415.88939,260445.5,22.40976152,0.890883443,232,956.6518018,47584,19.23299155,0.620555735,44,142,1890,6937,14,150,120,1.5
183.098,45,117.154,868,2425.261974,265177.5,22.18097554,0.894303703,220,926.6518018,44647,19.23272699,0.618899916,51,153,1845,7869,113,150,120,1.5
170.074,42,102.176,868,2441.404109,266803.5,22.34023925,0.882872938,228,941.4802289,45852,19.33143639,0.620366941,51,144,1835,7631,30,150,120,1.5
184.011,45,116.039,880,2462.918828,270079.5,22.45993921,0.887250654,228,942.7939372,44281,20.07317829,0.622645331,58,152,1854,8632,72,150,120,1.5
173.104,45,105.076,868,2598.676187,276827,24.39472279,0.883337217,232,959.7228695,46035.5,20.00777631,0.615286465,47,147,1887,7321,51,150,120,1.5
181.044,36,123.146,880,2475.504614,269869,22.70776968,0.883031858,220,920.6518018,44182,19.18427731,0.646152869,57,149,1262,8468,132,150,120,1.5
175.14,41,105.119,852,2489.161468,272995,22.69611097,0.878062865,228,942.0660154,46235.5,19.19495577,0.59189887,58,146,1641,8400,4,150,120,1.5
180.025,43,113.04,864,2452.190906,255863,23.50179682,0.889786035,224,913.1370831,42531,19.60497831,0.594091197,63,149,1647,8978,53,150,120,1.5
177.045,45,104.043,872,2425.989895,263823,22.30824065,0.898845295,228,934.308656,44620,19.56370831,0.587825076,63,146,1858,8965,35,150,120,1.5
185.068,42,123.037,892,2483.362479,267199,23.08051003,0.883591761,208,879.8233747,40122,19.29338445,0.662580516,53,153,1580,7926,89,150,120,1.5
182.003,43,108.019,872,2411.504614,266673,21.80706147,0.896007099,224,991.3797237,48360.5,20.32306855,0.691524286,60,148,1549,8280,46,150,120,1.5
186.097,45,128.098,884,2454.918828,265751.5,22.67767614,0.881925435,224,992.8944424,50398.5,19.56088721,0.706410703,39,157,1566,6329,183,150,120,1.5
184.068,44,115.109,864,2408.676187,270814,21.42326827,0.889333884,232,1000.551297,50635.5,19.77077144,0.655455971,48,157,1544,7535,18,150,120,1.5
186.067,41,123.065,892,2489.989895,269575,22.99934964,0.886503607,232,987.9655101,50750,19.23302166,0.642804611,62,154,1351,8924,80,150,120,1.5
179.025,45,116.039,868,2407.161468,261792,22.13370284,0.895173248,224,980.8944424,50164.5,19.17997602,0.688747424,53,156,1680,8136,42,150,120,1.5
187.024,40,125.036,864,2439.404109,258608.5,23.01042853,0.895046241,240,991.3797237,49464.5,19.86947723,0.585927453,47,156,1193,7263,89,150,120,1.5
181.011,42,116.017,868,2440.232536,265268.5,22.44795303,0.898829342,236,971.9655101,47686,19.81120146,0.614475318,47,151,1402,6850,99,150,120,1.5
184.098,43,119.151,864,2487.88939,262869.5,23.54626009,0.885918082,236,995.6223643,48419,20.47262216,0.653779132,41,154,1388,6463,95,150,120,1.5
178,41,117.209,868,2467.161468,269310,22.60178126,0.889016008,228,983.6223643,47237,20.48209995,0.684091218,45,154,1266,6715,59,150,120,1.5
184,39,125.064,852,2453.161468,265429,22.67273429,0.889204233,228,982.308656,49564,19.4683701,0.661426545,43,156,1075,6744,77,150,120,1.5
184.024,41,122,876,2556.717817,273503.5,23.90026452,0.890490797,224,968.308656,48083,19.50006558,0.680674354,45,156,1171,7030,91,150,120,1.5
187.003,41,128.035,864,2459.303604,270912,22.32523556,0.886521255,240,1003.379724,51630.5,19.49953748,0.647043979,43,159,1194,6873,117,150,120,1.5
182,39,116.039,880,2475.646749,264375,23.1823237,0.88731558,220,962.8944424,47401.5,19.55983898,0.705466339,43,150,1216,6604,37,150,120,1.5
179.279,14,145.248,860,2476.475177,266571,23.00673854,0.891537064,248,1025.622364,53372,19.70885922,0.632630616,60,148,321,8637,78,150,120,1.5
177.003,42,111.113,888,2581.261974,275539.5,24.18133653,0.877307241,228,971.4802289,48057,19.63863402,0.693056604,49,149,1370,7008,64,150,120,1.5
175.183,17,141.283,884,2561.203098,271450.5,24.16558935,0.891969259,228,1040.793937,52644,20.57693222,0.732151422,42,148,278,6084,111,150,120,1.5
178,45,115.039,852,2516.475177,265291,23.87056973,0.875625452,224,998.308656,50504,19.73348987,0.732128141,44,155,1528,6648,69,150,120,1.5
185.024,45,127.142,868,2551.445739,275992,23.58718861,0.879649909,232,1043.379724,53842.5,20.21899518,0.705067865,38,157,1160,5913,165,150,120,1.5
180,42,119.206,892,2575.989895,282048,23.52693138,0.870285207,232,1008.894442,53114.5,19.1636558,0.681608864,44,156,1324,6689,85,150,120,1.5
188.066,46,124.036,876,2530.274166,287031,22.30521217,0.873841332,244,1057.865005,56392.5,19.84445394,0.646099601,42,156,1465,6416,225,150,120,1.5
180.025,47,114.11,892,2569.203098,282090.5,23.39959893,0.885642206,220,977.5807341,51136.5,18.6884924,0.646568358,45,156,1558,6717,91,150,120,1.5
185.068,36,130.096,868,2505.060963,278172.5,22.55913301,0.883477158,236,1006.066015,53643.5,18.86843378,0.648660915,36,158,1084,5832,100,150,120,1.5
181.025,39,122.102,888,2547.102593,278059,23.3322123,0.883423346,224,983.4802289,49359,19.59588648,0.662062207,49,157,1275,7395,100,150,120,1.5
182.069,40,125.036,872,2540.132031,283172,22.78569468,0.881746312,224,975.4802289,48643,19.5621503,0.679974834,40,156,1435,6351,82,150,120,1.5
183.025,42,123.016,896,2601.303604,284629,23.77403721,0.877809944,224,960.0660154,46862.5,19.66874908,0.65881173,47,158,1620,7348,72,150,120,1.5
181.044,35,129.062,888,2605.060963,291730.5,23.26236928,0.876278665,220,956.0660154,46876.5,19.49937017,0.675939869,35,158,1177,5968,48,150,120,1.5
180.069,35,121.103,884,2535.88939,291993.5,22.02355532,0.881543436,220,962.8944424,46273.5,20.03664532,0.711269312,58,154,1288,8893,41,150,120,1.5
177,30,137.131,884,2498.717817,276988.5,22.54097455,0.889084143,216,931.8233747,45136,19.23730064,0.705188972,39,151,1260,6308,185,150,120,1.5
177.025,35,116.211,876,2545.203098,277494.5,23.34481877,0.882370425,224,970.8944424,47805.5,19.71814997,0.688922051,43,150,1461,6897,31,150,120,1.5
181.025,33,130.035,892,2566.374671,284623.5,23.1403203,0.883606977,216,937.4802289,43838,20.04811304,0.707380529,36,154,1395,6054,83,150,120,1.5
178.07,38,120.017,880,2543.68838,284180.5,22.76845376,0.888393349,224,1013.96551,51757,19.86448318,0.717011305,48,154,1670,7794,42,150,120,1.5
181,36,130.062,892,2549.546244,289695.5,22.43799456,0.887506921,212,1015.237588,51910.5,19.85546972,0.784065631,38,153,1485,6412,152,150,120,1.5
177.138,37,119.038,884,2550.374671,290451.5,22.39413797,0.88105299,224,1048.894442,55470.5,19.83359716,0.750090278,42,153,1777,7079,31,150,120,1.5
180.069,41,131.095,892,2685.989895,293933,24.5448511,0.873779496,224,1030.308656,52312,20.29239805,0.757373455,31,153,1971,5365,178,150,120,1.5
175.003,41,115.039,884,2534.132031,291803,22.00739934,0.880168626,228,1036.894442,55008.5,19.54516274,0.724304485,41,152,1994,6593,41,150,120,1.5
184.024,39,125.036,896,2741.102593,293574,25.59369504,0.878666659,224,1016.894442,51910.5,19.92033032,0.751199273,38,151,1933,6424,155,150,120,1.5
176.026,39,121.037,880,2511.060963,293733.5,21.46648973,0.888260339,220,999.8233747,51738,19.32132631,0.734631278,44,152,1955,7077,108,150,120,1.5
181.069,32,141.089,896,2529.88939,289788.5,22.08624678,0.879204123,216,998.0660154,48295.5,20.62585067,0.767020581,35,155,1571,6233,276,150,120,1.5
180.011,38,123.037,896,2670.374671,303279.5,23.5126373,0.885291336,216,1051.823375,54952,20.13270512,0.796919668,43,154,1952,7363,124,150,120,1.5
178.025,25,145.055,896,2588.132031,294284,22.76177913,0.887080442,220,1050.308656,53826,20.49471023,0.79237064,39,155,1304,6905,256,150,120,1.5
178.18,28,119.105,884,2536.617312,295391,21.78274689,0.875998979,232,1078.551297,57376.5,20.27437887,0.770151304,64,145,1500,9794,31,150,120,1.5
182.044,21,145.055,892,2542.374671,292039.5,22.13285864,0.878914546,232,1067.96551,55258,20.64045624,0.762918099,36,153,1032,6379,149,150,120,1.5
174.184,24,116.276,884,2498.859953,282198.5,22.12733612,0.892059273,240,1080.208151,57304.5,20.36226909,0.749462222,71,140,1160,10256,22,150,120,1.5
176.102,26,128.035,892,2546.759447,278732,23.26960551,0.880372671,240,1053.137083,54377,20.39644916,0.732218267,43,144,1398,6936,95,150,120,1.5
171.026,31,116,880,2510.031525,284628.5,22.13502253,0.888613703,228,1026.066015,52421.5,20.08358151,0.744277028,50,143,1566,7737,53,150,120,1.5
176.102,30,130.062,880,2496.859953,280135.5,22.25462186,0.877633372,228,1011.72287,50905.5,20.10751618,0.734352732,32,148,1607,5579,127,150,120,1.5
186.011,48,120.037,884,2503.68838,283912.5,22.07882887,0.87684389,216,981.7228695,47416.5,20.32583157,0.755228012,48,159,1920,7711,121,150,120,1.5
193.023,37,142.056,880,2492.031525,284517.5,21.82720263,0.874911873,224,1006.793937,48389,20.94761272,0.751467021,48,164,1406,7988,168,150,120,1.5
188.096,41,129.139,888,2557.788885,288612,22.66809412,0.875831969,208,961.4802289,44834,20.61926731,0.774990163,42,164,1679,7475,85,150,120,1.5
192.023,39,140.129,880,2499.203098,288797.5,21.62766688,0.876901469,220,985.6223643,47116,20.61829198,0.712885497,37,164,1512,6419,122,150,120,1.5
194.003,43,133.094,892,2586.132031,296181,22.58105307,0.880055873,212,942.5512966,42816.5,20.74907913,0.739854423,47,169,1761,8001,89,150,120,1.5
200.01,40,147.054,884,2523.445739,293874,21.66839665,0.881703649,216,978.7939372,45847,20.896407,0.738863726,39,171,1444,6977,248,150,120,1.5
194,42,137.015,900,2620.274166,278526,24.65061325,0.876814293,212,1009.72287,49922.5,20.42246028,0.772613921,52,167,1780,8700,200,150,120,1.5
200.022,40,143.056,876,2462.960458,281087,21.5811269,0.887261808,240,1095.521859,56254.5,21.33461578,0.729327311,40,174,1502,7268,95,150,120,1.5
193.093,40,130.096,896,2517.88939,284082.5,22.31664035,0.869815484,228,1057.379724,53055.5,21.07325122,0.753608308,47,165,1627,7894,88,150,120,1.5
203.121,44,142.127,884,2511.445739,285216,22.11432634,0.88553855,240,1071.521859,54586.5,21.0337555,0.698694546,32,174,1644,6229,115,150,120,1.5
192.065,44,129.097,896,2527.404109,286560.5,22.29117945,0.863006169,236,1047.622364,53229,20.61869692,0.703132434,47,171,1791,8461,29,150,120,1.5
200.122,45,151.119,884,2511.88939,282561.5,22.32996466,0.884349311,244,1145.521859,61269.5,21.41718685,0.761789643,36,169,1766,6648,309,150,120,1.5
192.023,49,129.097,896,2607.303604,281518,24.14777059,0.867755903,236,1113.036578,58596.5,21.14205496,0.779110094,47,169,2064,8054,148,150,120,1.5
203.022,42,155.116,884,2502.960458,283743,22.07917395,0.880656681,244,1133.865005,62078.5,20.71006628,0.738410139,39,177,1596,7263,265,150,120,1.5
182.025,33,125.1,896,2543.060963,284189.5,22.75650248,0.862795219,232,1087.622364,57409,20.60517353,0.762887975,46,151,1351,7621,127,150,120,1.5
187.096,38,140.057,876,2493.989895,291569,21.33280835,0.889900155,240,1102.450791,60234,20.17793518,0.730808662,35,162,1470,6307,265,150,120,1.5
182.003,40,125.004,892,2563.303604,292964,22.42775687,0.863585494,244,1116.693432,58343.5,21.37349012,0.758090943,42,158,1746,7011,108,150,120,1.5
198.063,46,138.13,888,2516.374671,295472.5,21.43056117,0.87538005,236,1101.865005,57534.5,21.10223412,0.76735883,39,165,1819,6781,246,150,120,1.5
181.099,42,122.147,892,2529.060963,296100.5,21.60127847,0.876599665,240,1103.521859,56406.5,21.58901001,0.752946508,41,155,1769,7102,195,150,120,1.5
197.023,52,133.06,880,2483.546244,279252.5,22.08754424,0.893518905,228,1103.036578,57881.5,21.02035524,0.802014769,42,166,2132,7205,249,150,120,1.5
182.069,49,111.113,888,2493.68838,277569.5,22.40333226,0.879818358,236,1107.036578,59523.5,20.5890108,0.767242019,47,154,2185,7649,112,150,120,1.5
197.003,48,135.059,888,2476.132031,284308,21.56544956,0.877824183,224,1074.551297,56562.5,20.4138871,0.791143692,33,167,1869,5992,251,150,120,1.5
182.332,44,119.105,884,2471.646749,286385,21.33155596,0.878548443,240,1096.551297,57535.5,20.89883196,0.777520395,46,159,1950,7972,61,150,120,1.5
200.01,55,127.035,888,2495.303604,288810,21.5592953,0.875685817,224,1070.894442,55423.5,20.69185286,0.812432059,37,167,2204,6509,254,150,120,1.5
182.332,47,119.105,872,2478.374671,291423.5,21.07702712,0.881814973,224,1097.96551,58207,20.71105299,0.800672892,39,159,2049,7054,161,150,120,1.5
197.041,41,145.124,892,2538.575682,294738.5,21.8646919,0.876148654,216,1087.96551,56976,20.77486926,0.803683355,38,170,1425,6954,213,150,120,1.5
181.135,35,122.016,876,2473.646749,296428,20.64220735,0.869683935,224,1087.137083,58860,20.07929047,0.778590496,45,152,1372,7531,56,150,120,1.5
197.023,47,135.059,896,2558.717817,299206.5,21.88133235,0.863013938,224,1072.066015,56442.5,20.36276815,0.797307777,37,165,1772,6488,263,150,120,1.5
180.136,42,121,872,2469.747255,299944.5,20.33593382,0.867179157,224,1071.480229,55519,20.67886455,0.809020786,40,156,1843,7129,117,150,120,1.5
193.023,48,139.09,892,2530.818322,301427,21.24906323,0.864232177,216,1036.752307,52654.5,20.41336156,0.821043047,33,167,1871,6163,347,150,120,1.5
178.18,40,119.105,876,2495.303604,300246,20.73812832,0.882169802,224,1058.994948,55320,20.27242045,0.797329439,44,155,1856,7511,58,150,120,1.5
201.022,49,145.124,892,2546.717817,301564.5,21.50707938,0.87373999,216,1033.823375,53365,20.02793535,0.780989765,40,170,1909,7141,319,150,120,1.5
178.07,38,125.256,876,2497.788885,293802,21.2352173,0.879237842,224,1108.793937,61898,19.86209563,0.785507707,50,160,1625,8593,78,150,120,1.5
198.023,52,138.091,888,2521.747255,282866.5,22.48130909,0.860762801,236,1089.036578,57696.5,20.55585118,0.750640067,36,171,2181,6791,353,150,120,1.5
181.276,44,121.017,880,2487.203098,284411.5,21.75080562,0.876118744,240,1102.693432,58998.5,20.60955456,0.746126986,45,161,2097,7976,36,150,120,1.5
205.022,46,147.085,892,2545.88939,286960.5,22.58691627,0.862612557,244,1113.036578,61044.5,20.29421854,0.74169052,29,174,1855,5908,293,150,120,1.5
182.176,33,133,880,2493.203098,290636.5,21.38775305,0.875793509,236,1096.450791,59085,20.34703119,0.746363071,50,160,1333,8627,84,150,120,1.5
203.022,39,155.052,892,2571.445739,292686,22.59190118,0.862279613,240,1083.96551,59246,19.83224567,0.729951679,35,171,1428,6715,346,150,120,1.5
182.222,32,131.137,884,2483.788885,279889,22.04162087,0.876577099,236,1086.208151,58801.5,20.06493281,0.744776484,45,161,1286,8254,23,150,120,1.5
202.022,45,144.031,888,2491.203098,287793.5,21.56439557,0.862889044,232,1057.137083,56463,19.79240941,0.713423314,36,169,1741,6568,331,150,120,1.5
184.098,33,139.058,892,2568.859953,293767.5,22.46348373,0.866706756,220,1026.894442,53177.5,19.83004458,0.752728248,45,162,1359,8014,122,150,120,1.5
202.022,48,143.087,884,2492.717817,293695.5,21.15674948,0.866609172,232,1083.622364,55191,21.27588608,0.740662596,37,171,1906,6838,287,150,120,1.5
184.098,40,134.239,888,2507.303604,296616,21.19430968,0.866407032,220,994.5512966,48298.5,20.47956524,0.752186752,38,164,1714,6892,119,150,120,1.5
204.088,53,146.123,884,2498.132031,296681,21.03492857,0.875339522,228,1027.96551,54018,19.56224018,0.671604318,39,173,2128,7248,424,150,120,1.5
186.172,49,128.25,892,2554.960458,299017,21.83094252,0.857191877,224,1027.036578,50251.5,20.99050043,0.734890543,33,166,2045,6092,216,150,120,1.5
202.089,50,141.089,880,2511.203098,299855.5,21.03059974,0.877439688,228,1129.7645,59622,21.40766537,0.801213914,38,172,2113,7172,294,150,120,1.5
189.214,45,118.343,900,2567.203098,296743.5,22.20952354,0.863092438,228,1117.96551,59361,21.0550173,0.826280302,69,162,1958,11020,4,150,120,1.5
202.04,48,147.085,876,2505.102593,296116,21.19283998,0.875352218,236,1137.7645,62078,20.85292788,0.792725463,33,172,2065,6453,351,150,120,1.5
185.097,52,112.161,884,2536.475177,296853,21.67303791,0.855985389,224,1114.450791,58332,21.29192495,0.822121359,76,164,2361,11515,4,150,120,1.5
207.022,45,143.087,872,2490.960458,297081,20.8861691,0.876429154,236,1150.350286,62323.5,21.23285407,0.806675564,35,171,1842,6673,276,150,120,1.5
190.095,45,120.337,892,2598.818322,304753,22.16173975,0.863849644,220,1107.279218,56056,21.87218616,0.825030361,83,167,1774,12536,0,150,120,1.5
205.039,47,151.119,868,2471.989895,291904,20.93405381,0.875819379,236,1100.450791,57571,21.03475611,0.791475993,33,174,1774,6501,346,150,120,1.5
204.01,49,123.146,888,2538.333041,293214,21.97417118,0.875257461,232,1087.865005,55033.5,21.50417962,0.791523173,47,172,1999,7568,58,150,120,1.5
208.038,47,154.117,860,2469.404109,293237.5,20.7952825,0.870760832,232,1065.036578,54252.5,20.90784594,0.773362966,35,175,1890,6867,400,150,120,1.5
212.085,48,134.06,892,2565.88939,297726.5,22.11354502,0.864699716,220,1043.622364,51443,21.17193086,0.789948698,50,177,1680,8708,53,150,120,1.5
203.039,46,151.119,864,2475.404109,295406.5,20.74302868,0.87620525,212,1007.379724,48988.5,20.71534968,0.789794694,30,172,1800,6049,417,150,120,1.5
206.087,52,141.227,900,2592.617312,302443,22.22456637,0.870632606,228,1093.622364,57142,20.93048678,0.813109665,36,182,1827,7049,211,150,120,1.5
204.039,49,154.117,872,2508.232536,301294.5,20.8806681,0.88148012,216,1103.622364,56801,21.44297324,0.853082454,30,176,1851,6121,448,150,120,1.5
204.022,51,139.129,856,2483.646749,295163,20.8986261,0.8689309,236,1143.178713,60431.5,21.62543657,0.821396622,48,177,1957,8552,157,150,120,1.5
205.039,54,150.083,856,2486.575682,292136.5,21.1649644,0.861924867,220,1107.622364,56295,21.79282888,0.844070618,30,178,2236,6257,461,150,120,1.5
201.022,55,139.129,860,2485.060963,297118.5,20.78473064,0.861336276,232,1114.107646,58033,21.38844874,0.816481744,34,177,2228,6643,267,150,120,1.5
206.039,47,151.083,872,2505.989895,300275,20.91411325,0.863877776,224,1096.793937,56180,21.41254789,0.836808137,30,177,1799,6151,374,150,120,1.5
203.246,43,147.122,864,2491.404109,300630.5,20.64692183,0.860717779,232,1075.622364,55555,20.82555073,0.784094442,47,167,1653,8106,201,150,120,1.5
201.04,44,145.124,876,2529.303604,304249,21.02677977,0.862608503,216,1030.894442,50583.5,21.00968402,0.833852516,36,169,1630,6726,228,150,120,1.5
197.124,48,140.129,864,2495.019333,307478,20.24574594,0.873217644,244,1078.350286,55459.5,20.96736068,0.772089518,36,169,1864,6801,276,150,120,1.5
203.022,50,145.086,856,2488.190906,305285,20.2797189,0.863982197,208,992.6518018,48118,20.47794172,0.821544956,36,170,2007,6757,375,150,120,1.5
197.091,51,143.126,864,2508.433546,312619.5,20.1274676,0.868825477,224,1084.793937,56066,20.98915361,0.822326124,35,172,2017,6791,302,150,120,1.5
205.039,51,140.089,864,2513.605119,311728.5,20.26831264,0.852063747,216,1058.551297,52034.5,21.53438291,0.841036345,36,171,2188,6857,319,150,120,1.5
196.092,50,143.126,864,2537.504614,313134,20.56285701,0.87530584,224,1071.036578,54453.5,21.06603526,0.806231229,38,171,1942,7140,343,150,120,1.5
208.038,51,146.086,888,2568.333041,309507,21.31239232,0.865612544,220,1055.72287,53583.5,20.80026085,0.826568914,35,174,2111,6755,392,150,120,1.5
197.041,48,146.123,872,2523.404109,310550.5,20.50413152,0.864778011,236,1088.450791,56137,21.10417595,0.804346222,35,174,2004,6897,286,150,120,1.5
195.023,47,149.121,884,2536.918828,312366.5,20.60386481,0.865434743,220,1037.137083,52177,20.61546906,0.806883229,39,173,1886,6879,403,150,120,1.5
197.307,44,143.126,876,2541.646749,315474,20.47702251,0.869994807,220,1065.96551,53399,21.2790964,0.843094827,38,170,1650,7135,220,150,120,1.5
196.01,40,152.053,896,2696.132031,317738,22.87774181,0.867944318,216,1048.308656,52807,20.81070764,0.830016946,31,170,1385,5860,347,150,120,1.5
193.093,48,141.128,868,2565.93102,280414,23.47957663,0.830331453,216,1043.480229,51957,20.95677172,0.836014067,47,169,1957,8358,243,150,120,1.5
193.065,47,144.087,876,2512.717817,307737.5,20.51667681,0.848407216,228,1054.894442,55215.5,20.15380255,0.795473164,37,169,1860,6664,348,150,120,1.5
193.065,50,144.125,884,2542.617312,312308,20.70040727,0.85978726,228,1059.72287,54685.5,20.53583784,0.813317878,34,174,2057,6696,321,150,120,1.5
195.092,51,143.087,872,2513.345234,305808.5,20.65640512,0.853971599,228,1026.066015,53549.5,19.66052844,0.780260743,33,177,2041,6388,236,150,120,1.5
197.091,54,143.126,876,2523.68838,310362.5,20.52117455,0.857955083,224,1024.066015,51090.5,20.52654023,0.810058589,30,177,2066,6062,354,150,120,1.5
199.023,54,145.124,892,2578.658942,318053.5,20.90680323,0.85809048,224,1063.72287,54311.5,20.83364192,0.821917466,35,175,2240,6702,403,150,120,1.5
199.09,49,155.116,884,2565.002088,321227.5,20.48154567,0.856804208,208,1067.72287,53277.5,21.3980034,0.862174806,41,181,1953,7999,357,150,120,1.5
203.022,47,159.05,884,2576.658942,320142.5,20.73817536,0.85602075,220,1088.450791,55717,21.26326122,0.826417245,38,177,1791,7217,531,150,120,1.5
200.062,49,153.118,888,2581.587874,322059,20.69371126,0.849799786,216,1077.379724,53165.5,21.83271236,0.847840906,33,180,2015,6667,271,150,120,1.5
204.022,51,157.08,884,2616.859953,323155.5,21.19090039,0.861017985,224,1065.622364,52692,21.5507292,0.841858946,32,182,2016,6463,446,150,120,1.5
200.122,47,153.209,900,2570.374671,312473.5,21.14363602,0.848078527,216,1032.308656,49191,21.66374258,0.85212762,32,182,1782,6658,262,150,120,1.5
200.04,52,147.031,868,2517.203098,300488.5,21.08670195,0.840573954,232,1046.793937,51309,21.35643936,0.817609567,30,181,2144,6050,285,150,120,1.5
199.09,42,156.115,892,2578.617312,310910,21.38646953,0.83274313,212,998.8944424,46771.5,21.33329286,0.833575465,38,179,1569,7466,252,150,120,1.5
202.01,50,153.082,876,2541.68838,309825.5,20.85102685,0.855093303,200,1041.379724,48443.5,22.38632074,0.846986219,33,182,1928,6386,346,150,120,1.5
200.022,51,145.124,880,2554.717817,315384.5,20.69405163,0.850125983,204,1043.72287,50421.5,21.60501826,0.849029354,30,179,2129,6091,223,150,120,1.5
202.022,53,152.082,880,2549.102593,312594,20.78710414,0.85248381,204,1048.208151,49640.5,22.13394964,0.833224036,30,184,2009,6390,403,150,120,1.5
199.123,53,148.122,884,2573.161468,323077,20.49406161,0.854783245,208,1025.379724,48811.5,21.54007924,0.819283661,30,182,2166,6354,297,150,120,1.5
203.022,50,151.083,884,2570.859953,318774.5,20.73353074,0.854461878,216,1038.208151,50317.5,21.42149678,0.813082431,30,183,1904,6401,352,150,120,1.5
206.022,60,137.131,904,2656.516807,326688.5,21.60186705,0.85129152,212,1015.96551,47172,21.88132616,0.817868836,34,181,2550,6738,243,150,120,1.5
204.12,56,146.031,888,2607.203098,327911.5,20.72970297,0.855527889,212,1007.036578,45065.5,22.5033045,0.829914447,29,184,2249,6503,311,150,120,1.5
202.062,46,158.114,884,2657.203098,331042.5,21.32876687,0.846987415,200,959.2375883,42818.5,21.48923364,0.825799834,31,183,1748,6342,405,150,120,1.5
201.022,53,146.031,872,2680.658942,311870.5,23.04139816,0.851480725,196,998.8944424,44503.5,22.42048619,0.866220444,47,184,2100,8576,210,150,120,1.5
203.062,47,153.118,876,2563.88939,315919.5,20.80760702,0.852902819,216,1074.107646,50901,22.66570861,0.838668299,33,183,1776,6649,230,150,120,1.5
201.062,52,147.085,876,2580.274166,318170,20.92533794,0.853984692,204,1033.96551,48339,22.11640034,0.852356851,30,184,2040,6245,319,150,120,1.5
203.039,52,155.116,868,2548.031525,317225.5,20.46640215,0.852535315,216,1039.622364,50209,21.52631322,0.808128606,29,186,2105,6337,346,150,120,1.5
198.023,49,150.03,872,2547.788885,321965,20.16128524,0.844963392,200,999.7228695,45535.5,21.94871728,0.844166258,39,182,2061,7548,291,150,120,1.5
204.088,47,155.116,868,2550.031525,323152.5,20.12257612,0.847227065,204,1017.137083,49595,20.86032555,0.829068641,34,184,1901,7384,224,150,120,1.5
199.04,47,143.031,872,2587.060963,323203.5,20.70795776,0.855514704,196,1027.72287,47033.5,22.45663828,0.864047625,39,179,1896,7623,143,150,120,1.5
204.296,55,145.124,860,2564.173661,317255.5,20.72457865,0.851330062,204,1037.137083,49765,21.61465546,0.830784923,41,183,2132,8195,196,150,120,1.5
197.041,47,143.003,872,2564.960458,321392,20.47039799,0.835707805,196,1017.137083,46067,22.45789493,0.858304066,35,177,1891,6721,248,150,120,1.5
204.198,49,158.114,864,2559.68838,321684.5,20.36779702,0.836452487,208,1044.793937,48718,22.40638719,0.838473795,34,185,2000,7364,345,150,120,1.5
192.023,43,143.003,896,2615.161468,332548,20.56566121,0.828739034,200,996.8944424,44300.5,22.43312219,0.850903066,33,180,1605,6517,129,150,120,1.5
204.022,54,148.165,876,2606.960458,330167,20.58425836,0.83785412,196,972.308656,42897,22.03846708,0.843862747,34,185,2260,6877,223,150,120,1.5
195.041,41,144.087,888,2612.333041,337181,20.23923032,0.837192903,188,950.9949477,41682,21.69740873,0.861143488,38,178,1575,7533,195,150,120,1.5
204.022,45,159.113,840,2978.031525,318822.5,27.81695698,0.822450627,200,987.7228695,43777.5,22.28533989,0.846617775,37,183,1744,7775,367,150,120,1.5
193.041,43,145.086,880,2584.818322,328472,20.34050318,0.842415402,192,1001.96551,44551,22.53450839,0.84869209,33,179,1656,6516,209,150,120,1.5
207.002,51,154.159,872,2587.830515,324276.5,20.65171782,0.829046791,196,984.8944424,44486.5,21.80475117,0.837492271,36,188,2192,7382,196,150,120,1.5
201.04,55,135.093,880,2597.060963,330386.5,20.41465267,0.825561645,208,989.1370831,45445,21.52914884,0.8118112,43,187,2383,8577,39,150,120,1.5
206,45,160.112,868,2590.617312,327848,20.47076101,0.817085899,212,996.2081507,44398.5,22.3527975,0.81713957,34,187,1740,6989,272,150,120,1.5
194.003,40,150.083,888,2646.333041,339192,20.64635535,0.830447253,212,992.5512966,44807.5,21.98645487,0.81797003,33,176,1699,6351,316,150,120,1.5
207.022,50,154.117,872,2613.102593,334030,20.44219131,0.827609045,208,984.7939372,42376,22.88604632,0.83236525,33,187,2019,6767,214,150,120,1.5
199.063,44,142.088,888,2689.161468,346095,20.89481039,0.835340788,188,948.4091612,42535.5,21.14657021,0.826408042,58,179,1995,10764,49,150,120,1.5
208.087,45,162.151,840,2587.203098,301461.5,22.20389626,0.77623037,192,992.6518018,42694,23.07953342,0.877571069,39,188,1739,8250,327,150,120,1.5
195.064,38,145.014,880,2607.587874,320414,21.22102818,0.817109175,204,1014.551297,46044.5,22.35477274,0.835927035,42,172,1793,8029,133,150,120,1.5
212.021,52,160.112,880,2594.859953,321366.5,20.95208484,0.79579107,196,1006.208151,42461.5,23.8440668,0.861291215,34,189,2043,6995,409,150,120,1.5
197,41,137.033,880,2606.416301,320871,21.17176665,0.812385284,204,999.3797237,45596.5,21.90430915,0.82638709,40,171,2074,7944,82,150,120,1.5
212.021,54,156.157,884,2640.232536,330400.5,21.0981153,0.800620639,200,975.3797237,41660.5,22.83615428,0.843301931,37,189,2154,7479,325,150,120,1.5
198.162,42,130.062,872,2606.516807,325309.5,20.8845111,0.815266232,208,977.9655101,44131,21.67221543,0.81342905,70,170,2030,11917,9,150,120,1.5
215.084,59,152.118,892,2711.060963,338513.5,21.71213717,0.799561635,200,953.4802289,40878,22.23994684,0.842558648,23,195,2579,5882,247,150,120,1.5
201.062,39,139.058,868,2839.244729,326479,24.69166663,0.816747299,200,1019.480229,46881,22.1697476,0.848856003,69,177,1658,12240,12,150,120,1.5
215.084,47,161.112,884,2637.404109,315065.5,22.07763285,0.810400039,188,1025.237588,45233.5,23.23747029,0.891649492,41,191,1855,8747,242,150,120,1.5
203.062,46,133.094,864,2556.274166,311138,21.00205572,0.836485691,208,1058.208151,49023.5,22.84219793,0.867043866,70,177,2009,11980,18,150,120,1.5
215.009,47,162.111,872,2593.646749,321124,20.9483049,0.835809973,200,1028.308656,45881,23.04698442,0.882671216,34,189,1797,7048,333,150,120,1.5
204.061,40,142.088,860,2560.031525,318311.5,20.58914432,0.826483041,208,1053.622364,48678,22.80537587,0.863117862,36,181,1575,7299,37,150,120,1.5
213.15,53,155.116,880,2609.788885,327334,20.80748723,0.829730182,196,1011.823375,46116,22.20024594,0.878817297,31,188,2107,6929,307,150,120,1.5
207.002,46,136.033,856,2554.759447,309748,21.07130904,0.810359619,204,1012.308656,46585,21.99782795,0.859828471,45,179,2005,8489,29,150,120,1.5
209.022,48,157.115,876,2610.475177,322016,21.1622424,0.805124887,208,1007.72287,45315.5,22.40966958,0.859591151,39,188,1810,7727,173,150,120,1.5
202.089,46,130,868,2599.102593,320165,21.09954021,0.800626493,212,998.8944424,46003.5,21.689439,0.845085844,47,171,1900,8656,81,150,120,1.5
210.021,48,153.16,876,2621.445739,322913,21.28120504,0.800889362,212,1003.379724,44706.5,22.5195636,0.845885815,39,181,1969,7681,279,150,120,1.5
199.04,50,128.098,868,2601.345234,322012.5,21.01470292,0.789595765,204,989.7228695,44220.5,22.15152154,0.849865579,46,172,2187,8570,117,150,120,1.5
205.01,46,157.156,868,2687.88939,336749.5,21.45437298,0.825779612,208,971.7228695,43977.5,21.47110079,0.829667575,39,179,1867,7463,430,150,120,1.5
200.16,48,131.095,860,2899.244729,316357,26.57004585,0.760090017,192,931.2375883,38980.5,22.24710935,0.865912845,41,178,2118,8129,14,150,120,1.5
210.021,49,157.115,856,2632.617312,316895,21.87056884,0.781116846,196,954.8944424,41489.5,21.9772086,0.844347655,36,184,2068,7191,359,150,120,1.5
200.09,50,137.015,868,2635.102593,323015,21.49672825,0.788852287,192,965.4802289,40992,22.73985344,0.87188009,34,178,2103,7302,144,150,120,1.5
210.06,48,162.111,864,2636.516807,324418.5,21.42670924,0.788431391,196,1002.551297,44478.5,22.59763936,0.843781522,40,185,1872,7819,503,150,120,1.5
208,54,147.054,872,2637.93102,332158,20.94990958,0.77752442,192,946.308656,39538,22.6490989,0.852411832,47,183,2417,8804,273,150,120,1.5
211.059,57,148.122,856,2619.102593,328723,20.86771657,0.791399973,204,951.1370831,41180,21.96847379,0.815998003,39,188,2593,7865,231,150,120,1.5
208,55,148.014,888,2670.132031,342063,20.84295893,0.78139923,192,919.2375883,38482.5,21.95797424,0.850245569,47,184,2477,8838,319,150,120,1.5
215,53,161.112,856,2698.859953,336842.5,21.62388963,0.802511591,12,48.24264061,119.5,19.47575208,0.59650732,37,194,2279,7837,354,150,120,1.5
213.002,52,154.029,876,2672.475177,342133,20.87528408,0.785153203,200,934.0660154,40215.5,21.69510067,0.83262828,42,186,2246,8262,357,150,120,1.5
212.002,54,154.159,852,3209.570629,325197.5,31.67719194,0.759484457,196,910.4091612,38150.5,21.72566128,0.842459798,43,190,2345,8805,260,150,120,1.5
216.037,49,162.151,860,2601.546244,323281.5,20.93544747,0.772344052,196,1014.551297,44796.5,22.97756149,0.873448002,41,191,2026,8808,343,150,120,1.5
216.148,54,164.149,864,2600.658942,320394.5,21.10968488,0.788637449,188,1012.308656,46045,22.25581095,0.868822514,39,191,2393,8591,394,150,120,1.5
213.002,51,149.03,868,2629.68838,323917.5,21.34883411,0.781412572,196,1024.551297,46975.5,22.34580493,0.855468364,44,188,2323,8719,218,150,120,1.5
220.057,54,157.115,856,2600.274166,324952,20.80745999,0.774744849,200,1019.379724,46294.5,22.44618737,0.860904877,44,192,2063,8682,234,150,120,1.5
218.021,56,142.088,872,2648.516807,328900.5,21.32754823,0.772613731,200,1013.379724,46321.5,22.16980159,0.856894522,49,189,2365,9326,154,150,120,1.5
219.057,54,153.118,860,2615.345234,328881.5,20.79785787,0.782762786,204,1017.96551,46559,22.25678773,0.853676762,39,189,2240,7935,283,150,120,1.5
216.021,54,150.013,884,2655.445739,338244,20.84705737,0.78255295,200,991.1370831,44244,22.203072,0.856140318,41,189,2399,8179,241,150,120,1.5
219.057,51,158.114,840,2570.759447,305168,21.65628158,0.743486926,200,993.1370831,44915,21.95972984,0.840919002,37,194,2069,7811,158,150,120,1.5
214.084,57,142.014,860,2579.345234,322539.5,20.62699866,0.756743735,200,985.3797237,41859.5,23.19600568,0.853447486,47,189,2545,9525,155,150,120,1.5
219.021,60,148.165,864,2614.658942,329003.5,20.77923604,0.781433937,200,1044.793937,47362,23.04789433,0.859256363,34,195,2599,7336,115,150,120,1.5
219.021,53,153.052,860,2599.345234,325733.5,20.74271036,0.765969307,188,1023.137083,44120,23.72641638,0.890356463,44,192,2272,8836,217,150,120,1.5
216.058,46,164.11,864,2617.445739,331231,20.68351754,0.766234254,200,1051.036578,48127.5,22.95315335,0.855216268,37,189,2050,7726,302,150,120,1.5
220.111,51,165.148,860,2628.315796,331769.5,20.82181733,0.770902239,196,1019.72287,45369.5,22.91924598,0.874614052,39,195,2119,8490,241,150,120,1.5
216.021,51,159.113,876,2679.244729,341451,21.02308183,0.764734049,212,1050.693432,48272.5,22.86926693,0.844917095,36,189,2181,7493,293,150,120,1.5
214.002,53,138.033,856,2637.002088,336935.5,20.63831212,0.770020908,200,1027.96551,45654,23.14612279,0.870923077,45,184,2231,8485,85,150,120,1.5
216.148,54,152.118,876,2691.93102,346783,20.89633176,0.757812471,208,1041.865005,47292.5,22.95253346,0.842284383,37,186,2278,7485,311,150,120,1.5
214.084,55,142.088,848,2650.901583,338802,20.74155171,0.775130357,204,1011.379724,44606.5,22.9313877,0.857618421,44,185,2125,8365,213,150,120,1.5
216.148,80,126.099,876,2754.658942,351733.5,21.57356603,0.766100365,212,1011.622364,46191,22.15539408,0.826470794,31,187,4621,6647,344,150,120,1.5
212,52,149.084,856,2687.587874,349522,20.66573372,0.790683796,200,985.7228695,42770.5,22.71775115,0.860646796,41,184,2227,8047,252,150,120,1.5
218.186,50,160.05,880,2789.487369,355436.5,21.89206731,0.738162804,204,1080.208151,48760.5,23.93022321,0.882090424,30,191,2082,6856,288,150,120,1.5
211.021,50,146.055,840,3031.470124,313672,29.29751815,0.66299639,200,1048.793937,47528,23.14359373,0.877802658,42,186,2182,8266,180,150,120,1.5
219.082,49,163.11,868,2624.031525,326307.5,21.10138886,0.750729867,212,1069.279218,49463,23.11542056,0.865723391,35,191,1996,7672,338,150,120,1.5
211.002,50,148.165,864,2590.558437,323329,20.75592667,0.789047192,208,1056.450791,48425,23.04777025,0.865181798,45,187,2235,8862,154,150,120,1.5
216.021,55,148.122,868,2619.587874,326624,21.00960319,0.759091495,208,1052.793937,48294,22.95057511,0.862905788,42,188,2361,8396,208,150,120,1.5
214.021,52,148.084,864,2593.629505,324276.5,20.74437712,0.778876492,200,1027.72287,46589.5,22.67065104,0.875184851,42,186,2329,8330,193,150,120,1.5
218.037,52,156.115,872,2646.315796,329528.5,21.25153756,0.772091229,208,1029.379724,47189.5,22.45462689,0.854583488,33,193,2163,7365,173,150,120,1.5
217.113,49,157.08,868,2629.872145,328843,21.03200463,0.778447131,200,1015.137083,44892,22.95516567,0.875319533,42,192,2060,8415,244,150,120,1.5
218.083,49,164.149,880,2656.073156,333495,21.15391418,0.781597884,212,1047.865005,48057.5,22.84806884,0.853553412,43,196,1943,9059,237,150,120,1.5
217.147,48,159.079,868,2616.416301,332398,20.59469149,0.78648215,200,1008.551297,43743.5,23.25318545,0.876246111,50,190,2070,9765,288,150,120,1.5
217.083,44,162.111,868,2668.658942,326180.5,21.83374098,0.764915422,216,1021.96551,46737,22.34660984,0.846799815,35,191,1700,7501,187,150,120,1.5
214.021,49,154.081,864,2650.901583,311106,22.58805424,0.703504747,200,979.7228695,41177.5,23.3102277,0.875012208,47,189,2094,9207,151,150,120,1.5
220.036,52,163.11,860,2589.144223,325477.5,20.5964093,0.770387938,208,984.308656,42279,22.9159519,0.853569041,41,192,2186,8536,313,150,120,1.5
218.021,51,156.08,872,2625.144223,331111.5,20.8128748,0.773582089,196,956.0660154,39148.5,23.34858873,0.87356237,38,193,2237,7990,214,150,120,1.5
215.037,45,167.147,860,2587.244729,326581,20.49670766,0.809864884,200,964.308656,41317,22.50626096,0.853049155,29,193,1772,6546,310,150,120,1.5
217.021,49,158.051,872,2609.345234,333192.5,20.4346813,0.769453792,192,936.6518018,37910,23.1420891,0.871768227,41,193,2122,8399,235,150,120,1.5
219.037,49,165.109,860,2586.658942,330841.5,20.22359493,0.804958898,204,957.1370831,40133,22.8268855,0.848802365,33,198,1979,7418,200,150,120,1.5
219.057,50,166.148,876,2618.516807,336775.5,20.35964691,0.788861206,180,897.5807341,34712.5,23.20925241,0.879857246,43,198,2142,9367,270,150,120,1.5
218.057,40,174.103,864,2598.173661,335262.5,20.13498787,0.79984569,184,994.4091612,43184.5,22.89825238,0.887714737,50,193,1455,9803,278,150,120,1.5
210.002,42,154.081,876,2653.93102,340862,20.66334722,0.785538447,180,998.0660154,42031.5,23.69974355,0.885798841,38,184,1811,7548,142,150,120,1.5
216.021,44,172.105,844,2617.303604,326045,21.01022299,0.775270192,184,1011.379724,42458.5,24.09149983,0.884223601,37,189,1651,7483,396,150,120,1.5
211.116,45,152.082,868,2611.587874,322752,21.13198749,0.768728033,192,1000.551297,43975.5,22.76501454,0.859497082,40,184,1802,8054,162,150,120,1.5
216.037,53,162.049,860,2580.801077,320334.5,20.79243479,0.811060273,192,995.9655101,43174,22.97557088,0.859865084,33,190,1974,6930,406,150,120,1.5
213.059,53,146.055,860,2629.386864,321870,21.47971318,0.787063401,196,977.7228695,42846.5,22.31085409,0.853535311,44,188,2298,8553,163,150,120,1.5
216.083,52,163.15,864,2578.558437,321043,20.71050798,0.809206422,188,970.8944424,41709.5,22.60003161,0.858103535,36,191,2069,7859,354,150,120,1.5
215.002,54,154.081,872,2621.487369,327344.5,20.9937727,0.794209275,188,990.308656,42732,22.95027694,0.86370648,44,190,2462,8774,359,150,120,1.5
219.037,56,165.109,876,2642.658942,327513.5,21.32323182,0.795318535,180,994.308656,41986,23.54712769,0.885445204,43,194,2300,8766,281,150,120,1.5
215.021,54,152.161,872,2624.416301,329298,20.91589054,0.786027586,196,1023.622364,45357,23.10123563,0.854196747,39,191,2331,7894,261,150,120,1.5
217.037,49,169.106,872,2624.173661,327137.5,21.05013153,0.819533887,188,997.3797237,42621.5,23.33954256,0.870714738,32,196,1982,7075,318,150,120,1.5
214.021,48,155.081,868,2626.274166,329403,20.93883782,0.800383505,204,1013.036578,44954.5,22.82848453,0.841231614,45,190,2078,8928,182,150,120,1.5
218.083,50,168.107,872,2729.144223,315387.5,23.61611729,0.748581857,192,980.5512966,41297.5,23.28181719,0.868372893,33,196,1981,7246,386,150,120,1.5
217.021,49,166.148,864,2615.587874,327142,20.91232532,0.803165847,204,1002.208151,45043.5,22.29891499,0.83547955,42,192,2192,8549,394,150,120,1.5
220.057,54,167.147,868,2621.345234,331470.5,20.73020325,0.804515413,188,956.8944424,39832.5,22.98743423,0.851348222,37,197,2182,7688,390,150,120,1.5
220.145,50,163.11,872,2631.587874,335294,20.65427577,0.793516117,192,1012.551297,42865.5,23.9180723,0.863810938,36,200,1974,8334,150,150,120,1.5
219.021,44,178.101,868,2610.274166,336191,20.266846,0.818418865,184,979.4802289,42545,22.54980653,0.867302326,37,198,1671,7784,398,150,120,1.5
217.009,41,178.101,872,2629.68838,333817.5,20.71569338,0.801275773,208,1025.279218,46353,22.67808935,0.827505972,45,195,1731,9654,371,150,120,1.5
221.02,39,183.098,860,2572.759447,327595,20.20510439,0.806978347,192,993.9655101,44027,22.44003533,0.845563432,40,198,1394,8346,392,150,120,1.5
212.009,36,155.116,896,2667.244729,334365,21.27673184,0.804146109,216,1039.521859,48110.5,22.46091176,0.816269614,53,185,1495,10050,75,150,120,1.5
218.037,41,169.106,864,2611.487369,334657.5,20.37864467,0.81291185,204,996.7939372,44338,22.40962951,0.832505471,46,194,1578,9358,194,150,120,1.5
215.058,39,160.112,872,2642.416301,341781,20.4293507,0.782881952,216,1034.693432,46744.5,22.90302599,0.823835609,52,188,1581,9969,154,150,120,1.5
216.021,41,174.141,848,2600.516807,339844.5,19.89935886,0.795247591,200,1007.379724,45652.5,22.22909825,0.83825305,38,192,1600,7926,371,150,120,1.5
215.149,38,166.148,892,2709.244729,345708,21.23181124,0.76535656,208,1021.622364,45766,22.80540697,0.842077192,41,193,1611,8529,155,150,120,1.5
220.082,43,175.103,852,2637.68838,346257.5,20.09313874,0.809294601,204,1014.208151,44365.5,23.18509141,0.846004839,36,194,1712,8077,304,150,120,1.5
204.12,35,142.172,872,2680.759447,350773,20.48752673,0.770687392,208,1017.036578,43548.5,23.75198688,0.842359194,48,172,1329,8872,75,150,120,1.5
215.021,45,166.148,876,2740.516807,351402.5,21.37273459,0.820305434,200,1008.551297,43443.5,23.41376081,0.850073047,36,186,1791,7271,345,150,120,1.5
204.088,40,138.177,884,2717.830515,350191.5,21.09303826,0.790925333,196,993.9655101,40343,24.48919107,0.863989545,52,177,1542,9368,17,150,120,1.5
213.038,47,168.146,880,2734.132031,350947,21.30087438,0.806500103,204,995.6223643,42479,23.33538671,0.839634525,32,186,1813,6706,518,150,120,1.5
207.06,41,153.082,880,2917.77164,321008.5,26.52076609,0.75134785,192,951.1370831,37748,23.9658194,0.868256172,42,183,1772,8281,205,150,120,1.5
219.057,50,165.076,856,2703.487369,304719.5,23.98548158,0.725287245,188,1008.551297,43083.5,23.60940309,0.867015272,36,191,2031,7389,398,150,120,1.5
209.289,43,150.213,868,2599.587874,320310,21.09786493,0.798924879,168,986.4091612,41724.5,23.31970505,0.899679495,34,186,1892,7564,138,150,120,1.5
218.037,47,166.108,884,2616.274166,325820,21.00819628,0.785406875,184,1004.066015,45124.5,22.34148995,0.854158171,36,193,1904,7662,341,150,120,1.5
212.151,36,153.209,856,2582.315796,320548.5,20.80295141,0.79312026,192,1000.308656,43999,22.74182157,0.85656076,46,186,1504,9732,67,150,120,1.5
219.021,49,165.109,884,2621.830515,326263.5,21.06884543,0.791586516,200,1013.379724,45877.5,22.38435975,0.837060901,42,196,2054,8582,251,150,120,1.5
208.118,39,153.003,860,2566.759447,323278,20.37953112,0.820571416,196,995.1370831,43546,22.74141859,0.850911531,47,187,1716,9813,73,150,120,1.5
220.082,51,169.106,876,2611.102593,328199,20.77354517,0.796289832,208,997.6223643,44626,22.3020298,0.821492957,36,199,1963,7754,332,150,120,1.5
205.061,39,150.003,852,2683.93102,322883,22.30989467,0.814843937,196,969.9655101,40607,23.16923414,0.853472541,43,184,1755,9150,70,150,120,1.5
221.036,50,173.104,868,2583.788885,323627,20.62857858,0.793693212,212,1004.450791,43867,22.99955302,0.824708421,32,200,1962,7180,370,150,120,1.5
208.291,38,154.208,860,2579.830515,319288.5,20.8448644,0.809399221,180,949.4802289,38456,23.44270608,0.860210272,47,189,1739,10360,56,150,120,1.5
222.081,51,177.102,860,2582.374671,326435.5,20.42871852,0.784215525,180,1027.137083,44910,23.49166305,0.881697973,31,201,2004,7358,470,150,120,1.5
208.406,37,155.206,868,2605.68838,325933.5,20.83127979,0.816154828,188,998.8944424,44047.5,22.65259339,0.86265265,42,189,1590,9397,70,150,120,1.5
222.02,49,176.102,892,2650.031525,334934.5,20.96728491,0.794452537,4,16,15,17.06666667,0,34,201,1912,7370,423,150,120,1.5
207.196,36,158.256,860,2650.859953,330146.5,21.28466753,0.819484895,184,979.4802289,43649,21.97946159,0.851544753,44,190,1489,9497,82,150,120,1.5
221.057,54,170.106,872,2621.788885,330940,20.77046279,0.792023365,16,44.24264061,73.5,26.63144556,0.836959016,42,201,2204,8700,397,150,120,1.5
209.153,41,152.266,852,2822.960458,322295,24.7261228,0.794614787,196,1005.96551,45857,22.06787639,0.849004046,46,190,1766,9757,22,150,120,1.5
229.02,56,173.072,856,2610.759447,320268,21.28237879,0.793617089,200,999.6223643,44433,22.48880047,0.841975558,39,205,2202,8337,493,150,120,1.5
217.083,39,159.113,860,2585.345234,320904.5,20.82865768,0.817853901,204,1081.865005,47188.5,24.80332896,0.853843784,61,194,1618,11863,31,150,120,1.5
226.02,49,180.069,848,2596.516807,323826.5,20.81948058,0.811124905,204,995.6223643,45071,21.99338582,0.822488395,36,208,1907,7884,385,150,120,1.5
212.191,36,166.148,856,2581.102593,324782,20.51249945,0.806221691,188,955.1370831,40206,22.69031606,0.856099918,36,191,1529,8091,225,150,120,1.5
223.02,49,172.105,852,2583.203098,325343.5,20.51043973,0.807364979,204,994.4507914,44436,22.25520696,0.814453086,42,202,1898,8764,347,150,120,1.5
212.285,42,146.277,864,2602.717817,324684.5,20.8637617,0.825283218,184,937.4802289,39050,22.506253,0.851820098,70,187,1757,13264,3,150,120,1.5
223.02,49,175.103,856,2581.445739,322525,20.66153664,0.816663133,200,975.0365778,41733.5,22.78017248,0.821890449,34,202,1981,7437,332,150,120,1.5
211.116,42,159.38,868,2599.788885,326967,20.67151194,0.824454915,188,938.8944424,38533.5,22.87678965,0.849414824,32,199,1759,7269,130,150,120,1.5
225.02,48,178.07,856,2582.617312,324576,20.54961605,0.823859479,188,1024.793937,45212,23.22840427,0.865832244,36,206,1863,7876,342,150,120,1.5
223.009,47,160.2,872,2609.102593,330144,20.61953675,0.809827154,172,964.9949477,42347,21.99011144,0.879802616,38,206,1780,6939,82,150,120,1.5
225.009,48,183.098,852,2568.031525,324667.5,20.31243015,0.825314736,184,956.0660154,43168.5,21.1742874,0.82813681,36,205,1853,7861,463,150,120,1.5
223,43,162.308,872,2637.88939,334794.5,20.78427344,0.819606835,188,969.4802289,43198,21.75776458,0.852634863,41,198,1586,7806,159,150,120,1.5
220.02,49,173.072,864,2635.303604,330548,21.0100351,0.828496257,204,1002.793937,45655,22.02597044,0.82726739,33,202,1989,7437,325,150,120,1.5
224.437,49,161.251,876,2643.646749,332163,21.04047752,0.812108112,188,959.4802289,42135,21.84887409,0.843147508,36,208,1814,9310,34,150,120,1.5
223.081,49,169.074,828,2518.859953,287444.5,22.0726278,0.745202783,200,989.6223643,44438,22.03862514,0.823419443,39,196,1911,8510,341,150,120,1.5
227.22,56,150.03,852,2546.960458,307277,21.11126955,0.802553148,184,949.7228695,41024.5,21.98621626,0.838514271,45,201,2074,9598,38,150,120,1.5
221.057,47,166.108,848,2520.516807,312776.5,20.31164417,0.818355017,200,979.3797237,43338.5,22.13239136,0.812007047,36,195,1866,7518,221,150,120,1.5
220.082,49,156.08,856,2568.274166,313880,21.01450297,0.805283412,188,944.308656,40487,22.02481878,0.831503061,39,197,1866,8467,86,150,120,1.5
221.009,43,175.103,852,2526.173661,315270.5,20.24151757,0.81332591,200,971.9655101,42382,22.29052317,0.818364291,33,196,1675,7077,352,150,120,1.5
219.185,42,168.107,872,2612.759447,320447,21.30309202,0.816358838,184,926.0660154,39019.5,21.97870974,0.830920958,36,197,1608,8197,166,150,120,1.5
224.009,48,172.073,856,2543.102593,319809,20.22260412,0.829535586,176,906.6518018,36089,22.7775081,0.854384425,33,198,1932,7142,328,150,120,1.5
220.145,47,169.106,868,2617.68838,322279.5,21.2619557,0.810070725,180,953.4802289,41022,22.1618777,0.833823812,33,200,1878,7845,246,150,120,1.5
222.02,49,168.074,864,2572.859953,324473.5,20.40107539,0.809730228,168,917.92388,38697.5,21.77360939,0.873518351,36,199,1939,7673,334,150,120,1.5
224.056,53,170.144,856,2586.818322,324031,20.65120014,0.795952036,184,985.3380935,45804,21.19664568,0.853058159,33,206,2102,7427,293,150,120,1.5
224.02,50,171.073,856,2771.244729,304493,25.22158915,0.76772401,180,993.2375883,43473.5,22.69246568,0.872919707,34,204,1944,7473,284,150,120,1.5
226.08,54,167.108,860,2571.345234,314623.5,21.01501099,0.814906972,200,1028.208151,47058.5,22.46590948,0.828956449,36,207,2169,8490,212,150,120,1.5
225.056,51,172.073,864,2579.345234,314895.5,21.12771327,0.804460809,192,982.8944424,44019.5,21.94667102,0.840682117,34,205,2130,8050,269,150,120,1.5
229.079,53,175.231,860,2577.487369,312522.5,21.2574811,0.798281629,204,1014.793937,46777,22.01523687,0.824279888,37,211,2038,8227,366,150,120,1.5
229.079,54,177.138,864,2601.345234,317440.5,21.31737137,0.801979525,192,970.308656,42262,22.27766996,0.834941638,34,207,2326,8126,444,150,120,1.5
225.056,45,177.229,856,2571.830515,315272.5,20.97966742,0.811921896,204,991.3797237,45060.5,21.81142589,0.802260777,44,203,1662,9285,326,150,120,1.5
228.079,50,177.071,860,2597.102593,318774,21.15900883,0.808467529,196,970.5512966,42370.5,22.23173716,0.82710473,41,202,1988,8783,394,150,120,1.5
228.14,50,174.141,852,2577.830515,317861.5,20.90599259,0.820907973,204,999.3797237,44648.5,22.36939275,0.806164296,47,206,1921,9898,227,150,120,1.5
226.035,48,175.026,864,2594.960458,321005,20.97730496,0.810372342,176,929.2375883,39641.5,21.78228613,0.839143773,38,204,1901,8395,389,150,120,1.5
225.142,45,182.135,848,2578.416301,316133,21.02985333,0.821212131,188,1042.308656,48586,22.36050167,0.861741517,40,204,1617,8642,363,150,120,1.5
227.02,49,183.098,860,2580.132031,321312,20.71843347,0.804976408,184,945.8233747,42393,21.10211252,0.834105988,34,203,1925,7443,529,150,120,1.5
226.08,49,174.141,856,2583.345234,320233.5,20.84002016,0.825485869,200,982.308656,44308,21.77778946,0.818724048,44,204,1870,9310,241,150,120,1.5
229.055,53,179.025,856,2584.132031,323302,20.65480063,0.807292726,200,962.308656,43826,21.12987609,0.806061043,37,203,2128,7930,483,150,120,1.5
227.02,53,173.142,828,2475.68838,292638.5,20.94404172,0.804780841,204,981.7228695,44944.5,21.44377605,0.809466335,44,204,2071,9765,266,150,120,1.5
229.009,55,171.105,848,2520.374671,304674.5,20.84942614,0.819712601,204,970.8944424,43737.5,21.55212388,0.811657734,39,204,2203,8306,305,150,120,1.5
225.009,58,167.075,848,2513.345234,308388.5,20.48359217,0.832369582,208,978.308656,44178,21.66435389,0.808269979,39,204,2504,8477,302,150,120,1.5
230.009,57,173.104,840,2491.345234,304331.5,20.394869,0.816375679,212,979.9655101,44454,21.60283441,0.785481648,50,207,2387,10242,287,150,120,1.5
227.079,59,170.144,852,2531.002088,309220.5,20.71651643,0.833024485,192,942.0660154,41255.5,21.51200149,0.82029853,34,208,2403,8180,256,150,120,1.5
228.02,58,173.026,852,2530.274166,312507,20.48686063,0.834621313,212,967.1370831,44016,21.25032119,0.783741621,33,209,2437,7326,426,150,120,1.5
229.14,53,178.101,848,2527.68838,313696.5,20.36748432,0.830169268,188,934.6518018,40755,21.43476851,0.831865493,34,210,2021,8201,388,150,120,1.5
231.054,53,178.003,920,2736.073156,320687,23.34393447,0.848169088,208,966.8944424,43547.5,21.46816379,0.79131195,30,213,2098,7336,368,150,120,1.5
226.055,53,179.226,856,2550.617312,318112,20.45081189,0.8337157,196,939.8233747,41160,21.45937745,0.818605498,34,208,2129,7686,438,150,120,1.5
232.019,49,183.025,852,2540.274166,316090,20.415049,0.83516159,204,1046.551297,50036.5,21.88941306,0.841418892,46,210,1798,9713,388,150,120,1.5
224.08,44,177.071,912,2733.68838,322653.5,23.16123072,0.825217676,188,976.6518018,43866,21.7446027,0.841749493,42,202,1641,9416,281,150,120,1.5
225.056,49,175.026,852,2529.102593,317176,20.16659497,0.838213101,208,1011.036578,46971.5,21.76202509,0.794115744,36,204,1820,8115,343,150,120,1.5
225.142,48,177.102,896,2689.345234,323504.5,22.35696192,0.831362763,192,959.4802289,42147,21.84265332,0.823403759,31,202,1831,7561,419,150,120,1.5
223.11,48,175.046,840,2568.901583,301763,21.86900098,0.792372915,208,1000.551297,46747.5,21.41511091,0.798744564,34,202,1808,8062,251,150,120,1.5
224.143,54,172.105,852,2503.646749,300493,20.85987709,0.816831264,188,947.8233747,41900,21.44079116,0.833705019,33,205,2079,7917,359,150,120,1.5
226.055,50,174.011,844,2504.173661,300053.5,20.89922538,0.846403479,196,999.9655101,45980,21.74708616,0.829937408,42,205,1982,9507,257,150,120,1.5
226.142,59,173.072,856,2516.475177,305143,20.75304796,0.837322537,208,985.0365778,45688.5,21.2372273,0.778690134,37,208,2423,8686,417,150,120,1.5
226.002,47,169.074,864,2532.173661,302163.5,21.21998007,0.848290423,196,963.9655101,44078,21.08148066,0.798327666,36,205,1823,7756,207,150,120,1.5
230.139,53,183.098,912,2712.173661,310773.5,23.66960493,0.844364525,212,989.0365778,46382.5,21.08970737,0.760704328,30,214,2005,7503,420,150,120,1.5
229.107,45,175.071,908,2720.558437,310316,23.85129419,0.838165862,188,932.8944424,41824.5,20.80818756,0.804957518,31,210,1798,7591,149,150,120,1.5
231.078,44,191.094,908,2647.68838,310792.5,22.55605832,0.833516782,204,974.7939372,45321,20.96651045,0.768908636,35,210,1655,8056,380,150,120,1.5
217.083,41,163,904,2709.487369,311640.5,23.557021,0.843816233,192,946.308656,41998,21.32244565,0.814761092,41,195,1642,8885,139,150,120,1.5
226.108,42,165.109,896,2651.93102,314391,22.36940032,0.830553809,204,988.4507914,45315,21.56096142,0.793187672,39,194,1431,8196,137,150,120,1.5
213.084,42,159,908,2750.658942,317787.5,23.80875464,0.837250449,184,939.4802289,40897,21.58160991,0.825533449,36,194,1636,7801,65,150,120,1.5
219.146,45,165.109,860,2598.617312,313948,21.50933255,0.843026203,208,970.5512966,45790.5,20.57129359,0.762763621,39,191,1803,8467,246,150,120,1.5
210.152,40,157.115,860,2545.303604,304817,21.25396692,0.842817136,192,935.4802289,42051,20.81099757,0.804039926,42,192,1507,8874,93,150,120,1.5
221.081,48,161.112,868,2507.546244,300252.5,20.94166799,0.853061375,204,976.2081507,45296.5,21.03876356,0.769686226,42,194,1951,9026,185,150,120,1.5
205.156,41,156.003,860,2564.859953,299685.5,21.9513676,0.855257647,196,938.6518018,43153,20.41728744,0.789085319,38,192,1607,8225,71,150,120,1.5
222.081,48,174.103,856,2496.132031,300834,20.71133953,0.862885947,208,952.6518018,44682,20.31120934,0.751273824,36,197,2012,8202,345,150,120,1.5
211.085,43,158,868,2535.161468,304424,21.11214513,0.857733127,196,905.5807341,41068.5,19.96850301,0.769160946,34,195,1740,7770,115,150,120,1.5
225.036,51,167.108,908,2608.173661,307681.5,22.10912858,0.870014864,208,934.4091612,44462.5,19.63723319,0.73521643,47,198,2063,9633,280,150,120,1.5
209.086,43,160.028,872,2540.818322,304182,21.22333914,0.850941958,200,895.5807341,39945.5,20.07897889,0.750174026,36,196,1842,8080,93,150,120,1.5
225.142,46,172.073,856,2519.747255,308883.5,20.5550838,0.866371528,208,915.8233747,41964,19.986952,0.726595236,36,202,1780,8343,217,150,120,1.5
211.021,41,163.11,904,2630.132031,308807,22.40102879,0.849703356,188,887.3380935,39409,19.97941821,0.768785606,40,195,1688,8300,258,150,120,1.5
228.107,52,169.106,868,2524.818322,308246,20.68058486,0.862899374,200,972.4091612,46699.5,20.24817347,0.802462346,39,203,2086,8504,278,150,120,1.5
216.037,47,165.003,864,2516.918828,303700.5,20.85897252,0.855034304,200,959.8233747,45782,20.12277556,0.782433002,33,197,2211,7537,278,150,120,1.5
228.079,60,169.074,864,2525.546244,303963.5,20.98404523,0.867545243,200,952.6518018,43710,20.76287933,0.794317461,33,208,2498,7890,353,150,120,1.5
221.057,45,166.108,872,2553.989895,310079,21.0361372,0.850102585,204,956.4091612,45423.5,20.13756059,0.786152851,31,201,2153,7414,176,150,120,1.5
228.14,45,180.069,856,2500.232536,296894.5,21.05516516,0.859452285,196,939.8233747,43128,20.48015154,0.79774125,42,206,1767,9895,303,150,120,1.5
217.058,39,163.028,912,2617.788885,304374,22.51446788,0.852854491,208,950.6518018,45691,19.77936242,0.755820616,36,195,1886,8006,90,150,120,1.5
227.141,44,180.1,868,2509.88939,297574.5,21.16963903,0.864619032,188,899.6812394,40794,19.84179861,0.808259532,37,205,1685,8628,286,150,120,1.5
216.021,42,152.03,924,2686.859953,302804.5,23.84117939,0.850806371,204,940.9949477,45071,19.646147,0.741753745,44,191,2006,9085,68,150,120,1.5
227.079,48,178.101,924,2628.274166,305462,22.61435168,0.860553204,188,892.5096664,39826,20.00134346,0.793298937,42,206,2077,9593,351,150,120,1.5
217.037,41,154.052,864,2548.232536,300086.5,21.63872436,0.857085446,196,1009.480229,49466,20.6010256,0.813201722,75,195,1893,14457,0,150,120,1.5
230.139,48,184.098,932,2682.759447,310872,23.15164522,0.870171289,184,957.2375883,43551.5,21.03954629,0.83480357,32,209,2175,8237,315,150,120,1.5
218.147,43,154.029,924,2728.859953,306983.5,24.25757945,0.85800824,208,1017.379724,49463.5,20.92576348,0.793651814,72,197,2091,14563,2,150,120,1.5
231.138,48,182.069,928,2807.487369,309287.5,25.48433198,0.866199037,192,972.6518018,45728,20.68867056,0.821442024,40,210,2161,9666,329,150,120,1.5
219.112,37,163.077,856,2505.504614,303526,20.68209436,0.868626474,204,996.0660154,48476.5,20.46656642,0.803309447,53,199,1617,11491,25,150,120,1.5
235.034,56,178.07,896,2561.646749,295664,22.19422746,0.872230515,192,945.5807341,44384.5,20.14493629,0.807202417,36,214,2398,8197,298,150,120,1.5
226.108,44,166.027,880,2528.818322,292884,21.83431703,0.879728441,208,972.8944424,46532.5,20.34112924,0.774234632,51,207,1897,11233,52,150,120,1.5
236.076,50,186.097,920,2596.859953,294497.5,22.8989435,0.867169501,200,946.0660154,43149.5,20.74278741,0.782574165,34,218,1990,8285,292,150,120,1.5
232.106,50,164.027,920,2695.788885,299487,24.26575348,0.879646884,204,990.308656,46860,20.92853679,0.792911576,48,208,2252,10653,82,150,120,1.5
236.256,40,197.091,908,2570.717817,296080.5,22.32024769,0.869936633,196,937.92388,44843.5,19.61713971,0.777494254,37,216,1421,8853,314,150,120,1.5
226.035,46,153.118,924,2637.788885,306524,22.69946301,0.882152544,204,975.2375883,46122.5,20.62091937,0.771846735,46,199,1977,10004,44,150,120,1.5
232.138,53,181.099,912,2604.859953,297997.5,22.76963858,0.862269995,204,934.7523071,44749.5,19.5256232,0.745682481,33,211,2028,7968,408,150,120,1.5
223.081,54,155.003,952,2735.102593,313581,23.85599317,0.893092888,200,927.3380935,43397,19.81602276,0.767168486,36,203,2493,8323,94,150,120,1.5
231.078,51,181.099,908,2588.960458,296888,22.57658192,0.868632239,200,935.6812394,44520,19.66530507,0.775519349,38,209,2164,8555,383,150,120,1.5
231.035,50,161.012,892,2557.161468,295677,22.11560174,0.882785386,192,891.4385988,41217.5,19.27974223,0.768570251,44,206,2094,9753,65,150,120,1.5
231.078,56,173.026,884,2531.88939,293555.5,21.83731486,0.872025632,200,954.4091612,46276.5,19.68378868,0.769716349,39,210,2312,8658,347,150,120,1.5
227.055,55,164.027,888,2547.161468,299006,21.69866673,0.879934705,184,964.9949477,44819,20.77724289,0.838185488,45,209,2433,9792,175,150,120,1.5
231.078,44,191.094,876,2537.989895,296023,21.75977106,0.874403573,200,1015.823375,50146,20.57785524,0.811643519,39,216,1772,9256,287,150,120,1.5
227.035,41,177.102,924,2713.88939,306808.5,24.00583954,0.876772038,196,981.8233747,46695,20.64411905,0.818524372,36,211,1685,8433,89,150,120,1.5
228.14,53,182.069,868,2521.504614,296438,21.44794365,0.87530001,204,986.4091612,47544.5,20.46510182,0.799605882,34,212,2367,8209,384,150,120,1.5
232.054,52,182.069,924,2631.747255,311287.5,22.2498289,0.889538615,192,968.4091612,45153.5,20.76951518,0.825509719,42,218,2310,9438,256,150,120,1.5
228.079,52,182.135,884,2554.676187,305217,21.38272252,0.878476673,216,1021.823375,49423,21.12625719,0.793243566,35,215,2092,8025,318,150,120,1.5
241.019,58,177.025,888,2550.918828,302831.5,21.48781374,0.888997619,192,964.1665206,44879,20.71385457,0.823153207,36,218,2563,8475,282,150,120,1.5
228.14,58,176.071,888,2624.090401,302746.5,22.74460788,0.891787685,204,983.4802289,46395,20.84779309,0.781495115,39,215,2417,9444,258,150,120,1.5
238.076,60,180.011,888,2516.190906,287619,22.01251195,0.890440527,192,955.8233747,42736,21.37772191,0.822772598,38,221,2719,8891,354,150,120,1.5
232.019,37,197.091,888,2527.989895,291696,21.90888086,0.87372066,208,977.7228695,45282.5,21.11062794,0.770759109,38,219,1566,8732,230,150,120,1.5
231.078,43,188.066,916,2576.617312,291639,22.76429686,0.877988012,192,950.0660154,43399.5,20.79806066,0.7998173,39,213,1704,8984,281,150,120,1.5
234.034,45,198.124,904,2555.646749,294539,22.17475549,0.892924022,216,1025.480229,51030,20.60767587,0.785946674,36,217,1814,8269,462,150,120,1.5
238.034,55,192.065,884,2512.918828,289938.5,21.77965684,0.876568062,196,934.9949477,43430,20.12930122,0.776856251,35,221,2273,8344,412,150,120,1.5
236.019,40,200.09,920,2612.132031,304856,22.38182534,0.881499616,204,952.308656,44707,20.28522997,0.753862657,39,218,1595,8922,325,150,120,1.5
234.053,43,189.13,920,2597.88939,296738.5,22.74402979,0.879496668,200,946.6518018,43809,20.45583405,0.76635877,39,215,1688,9442,275,150,120,1.5
234.019,48,191.094,916,2651.88939,306083.5,22.97581326,0.882959382,196,940.9949477,44387,19.9488925,0.768767013,31,214,2023,7720,391,150,120,1.5
238.002,50,184.043,896,2562.676187,300929,21.82345085,0.877681795,208,974.308656,45344,20.93501581,0.750032672,35,217,1986,8322,342,150,120,1.5
234.214,50,181.099,860,2441.747255,277734.5,21.46701132,0.881684604,204,940.308656,42985,20.56950956,0.752488902,32,212,2036,8168,361,150,120,1.5
237.053,54,181.069,920,2648.617312,297435,23.58556883,0.873491077,212,963.7228695,45553.5,20.38837343,0.719905503,37,217,2274,9032,265,150,120,1.5
237.008,49,191.094,912,2671.345234,300653.5,23.73524791,0.87105564,196,917.5807341,40966.5,20.55226596,0.779419963,32,216,2101,8276,426,150,120,1.5
242.019,49,195.126,916,2672.031525,296127.5,24.11039999,0.868936455,204,996.8944424,45728.5,21.73258535,0.797065964,47,221,2099,10135,341,150,120,1.5
240.133,50,187.131,916,2592.031525,297895.5,22.55363854,0.871934963,192,953.8233747,43325,20.99893895,0.793215751,42,218,2070,10123,270,150,120,1.5
243.074,54,200.122,916,2723.060963,305375.5,24.28178098,0.874246653,200,970.8944424,45153.5,20.87625585,0.744616114,28,223,2382,7054,523,150,120,1.5
238.134,56,180.069,908,2567.646749,301769,21.84720707,0.876336584,196,920.6518018,41674,20.33881413,0.763450059,31,217,2517,7721,363,150,120,1.5
241.033,57,175.026,916,2663.88939,301049.5,23.57189327,0.874090483,204,957.7228695,44212.5,20.74601289,0.74378082,38,219,2550,9086,237,150,120,1.5
241,54,184.133,896,2569.989895,300219,22.00010013,0.884320163,196,924.8944424,41672.5,20.52743967,0.758161281,37,222,2278,8894,243,150,120,1.5
246.073,52,199.161,916,2612.759447,293207,23.28222699,0.873492291,204,958.308656,44140,20.80551609,0.745869029,30,227,2293,7520,328,150,120,1.5
245.051,50,187.096,924,2592.759447,295413,22.75594355,0.877510618,188,901.8233747,39511,20.58377159,0.761000658,39,223,2145,9335,144,150,120,1.5
248.163,48,209.153,920,2567.203098,297151.5,22.17902904,0.872084737,200,1012.308656,48277,21.22685368,0.791030402,35,227,2135,8575,460,150,120,1.5
245.1,50,190.213,924,2609.88939,300548.5,22.66363874,0.873461482,196,953.5807341,44044.5,20.64539764,0.791962487,38,224,2166,8751,267,150,120,1.5
247.032,55,190.066,920,2602.475177,302388,22.39796898,0.874965377,204,964.8944424,45288.5,20.55756506,0.770938945,44,224,2467,10223,284,150,120,1.5
247.032,54,190.168,892,2550.132031,293631,22.14743462,0.870172083,192,935.3380935,44005,19.88086238,0.783331889,38,226,2408,8736,352,150,120,1.5
248.244,45,206.155,916,2696.374671,299690.5,24.25981594,0.887263681,208,957.2375883,45207.5,20.26884478,0.751629984,37,224,1998,9350,463,150,120,1.5
247.073,45,192.128,912,2637.203098,287276.5,24.20956877,0.876712409,196,940.4091612,44123.5,20.04304714,0.75806938,41,220,1989,9716,294,150,120,1.5
242.052,45,189.169,924,2590.132031,299035,22.43477833,0.871477345,196,927.2375883,41934.5,20.50267787,0.758901586,40,214,1966,9237,389,150,120,1.5
237.019,44,186.097,916,2615.788885,291223,23.49523043,0.875490651,196,916.9949477,42083,19.98145888,0.742819017,36,215,1919,8286,192,150,120,1.5
240.169,43,199.123,924,2603.102593,295083,22.96351572,0.883199995,196,926.6518018,41875,20.5058761,0.766507066,33,215,2040,8066,380,150,120,1.5
237.076,44,182.099,916,2686.859953,292640.5,24.66923206,0.877642346,208,956.6518018,45520,20.10506744,0.747014164,41,210,2054,9237,264,150,120,1.5
245.051,44,201.159,920,2574.374671,296499.5,22.35216231,0.875485605,192,900.6518018,39512,20.52980533,0.767479411,39,216,2089,9659,391,150,120,1.5
246.033,41,194.093,884,2502.374671,287571.5,21.77503332,0.870064293,208,942.8944424,42863.5,20.74142171,0.740682941,46,218,1768,10241,204,150,120,1.5
247.164,42,200.16,924,2590.132031,301603,22.24375731,0.86177426,196,904.4091612,40481.5,20.20567249,0.757604862,33,219,1893,8171,463,150,120,1.5
242.074,36,193.093,888,2533.404109,295989.5,21.68366236,0.868374751,200,985.1370831,46395,20.91809618,0.795450561,45,220,1459,10558,103,150,120,1.5
251.098,36,217.147,928,2610.717817,304160.5,22.40872014,0.867608967,192,953.3380935,44428,20.45677322,0.815995331,40,219,1539,9425,555,150,120,1.5
247.073,42,199.203,912,2629.060963,298882.5,23.12601623,0.869024136,204,979.8233747,47032,20.41277951,0.794079011,34,220,1864,8379,493,150,120,1.5
252.05,41,209.194,916,2618.717817,301576.5,22.73944756,0.867010782,200,979.4802289,45065,21.28883876,0.796875467,34,224,1809,8224,446,150,120,1.5
247.051,43,197.205,916,2553.060963,298812.5,21.81341236,0.866259701,208,975.8233747,46506,20.47544959,0.782971525,30,224,1878,7533,290,150,120,1.5
252.127,39,215.114,924,2603.102593,301815,22.45131326,0.864160906,188,929.3380935,42316,20.40999367,0.81177732,29,224,1763,7219,614,150,120,1.5
250.128,40,204.12,928,2595.203098,305513.5,22.04511134,0.874405546,208,989.4802289,46932,20.86148307,0.787622394,30,225,1673,7496,319,150,120,1.5
253.198,39,213.084,924,2588.960458,303860,22.05856727,0.868437521,192,922.1665206,41948,20.27250624,0.800630066,26,229,1612,7224,493,150,120,1.5
248.099,40,196.207,924,2614.859953,306968.5,22.27424824,0.877670208,208,995.7228695,48201.5,20.56915309,0.790927331,49,223,1729,10880,206,150,120,1.5
250.128,38,214.149,924,2613.788885,303716,22.4943445,0.870862056,196,959.5807341,45433.5,20.26687764,0.795130033,34,228,1774,8138,360,150,120,1.5
242.25,38,202.2,928,2640.617312,309343,22.54086819,0.871366026,200,966.4091612,46114.5,20.25277661,0.806612979,35,222,1704,8880,338,150,120,1.5
254.159,33,230.176,924,2609.303604,305001,22.32276385,0.867814507,200,972.0660154,44852.5,21.06710525,0.794574376,36,232,1536,8775,582,150,120,1.5
243.051,27,211.085,932,2609.345234,289020.5,23.55778413,0.863547211,204,975.4802289,45871,20.74429764,0.7904912,31,224,1215,8035,289,150,120,1.5
247.245,28,212.191,924,2570.960458,286361,23.08218534,0.87397542,204,982.8944424,46395.5,20.82274111,0.781033155,37,214,1299,9400,444,150,120,1.5
232.106,30,195.092,928,2579.68838,285794.5,23.28523515,0.890644439,204,965.4802289,45468,20.50127721,0.78716281,41,204,1326,9115,334,150,120,1.5
239.253,29,210.152,924,2548.717817,285063.5,22.78777364,0.880431221,216,1002.551297,48054.5,20.91602456,0.766400552,48,208,1296,11372,373,150,120,1.5
234.019,22,203.158,916,2568.717817,283745.5,23.25432905,0.886642281,200,968.6518018,44170,21.2426152,0.800251816,37,206,965,8831,252,150,120,1.5
238.134,24,223.143,928,2578.960458,290905,22.86326135,0.889838143,208,1034.894442,51241.5,20.90115447,0.81015596,45,202,1094,10125,611,150,120,1.5
238.076,26,206.197,924,2570.960458,288365,22.9217751,0.889122923,192,983.8233747,46298,20.9060528,0.826431313,36,205,1252,8641,467,150,120,1.5
242.207,22,213.19,928,2589.060963,287682.5,23.30081486,0.883353197,204,1012.066015,49536.5,20.67723031,0.803798262,34,207,1107,8792,440,150,120,1.5
