177.181,47,108.019,876,2779.043718,268156,28.80071297,0.839141572,88,375.2548332,6898,20.41406058,0.640982058,47,147,1766,7018,133,150,120,1.5
171.237,49,93.005,908,2673.587874,266093,26.86305962,0.882277441,100,417.9827551,8258.5,21.15512303,0.615104838,57,139,2199,7704,66,150,120,1.5
174.233,49,102,872,2514.374671,265833.5,23.78210417,0.892515243,104,438.5685415,9676,19.87829326,0.646005898,45,144,1999,6789,96,150,120,1.5
177.102,49,112.04,868,2715.629505,266039.5,27.72010775,0.857358041,112,469.6396092,10813.5,20.39685232,0.647789722,50,150,1553,6921,155,150,120,1.5
173.185,50,107.042,832,2479.102593,260009,23.63744973,0.884500135,112,470.8111821,11052.5,20.05547788,0.640285589,44,146,1852,6442,217,150,120,1.5
168.048,37,106.118,864,2489.102593,266904,23.21295941,0.883189217,112,478.5685415,11696,19.58172443,0.651365177,40,136,1834,6072,144,150,120,1.5
166.244,44,106,896,2487.73001,267544,23.13189831,0.905132807,112,465.3969686,11055,19.59243224,0.609652778,44,140,2140,6553,175,150,120,1.5
181.276,54,113.04,872,2466.031525,264658.5,22.97795644,0.888504801,120,496.4680363,12288.5,20.05781919,0.585142092,50,153,2179,7473,196,150,120,1.5
175.231,48,114.039,888,2649.629505,265424.5,26.45022035,0.881125125,112,471.3969686,11556,19.22941347,0.617369447,41,150,1807,6324,186,150,120,1.5
179.338,52,108.042,896,2510.859953,270732.5,23.28651972,0.899011077,116,478.2253957,11637,19.65279102,0.557518373,31,148,2217,5327,239,150,120,1.5
176.343,49,108.005,904,2536.759447,273949,23.49031569,0.884262668,116,477.6396092,11289.5,20.20812226,0.558946405,38,144,2250,6117,264,150,120,1.5
184.174,54,124.145,900,2685.629505,273722.5,26.35006562,0.892662051,124,634.9533175,18952.5,21.27242925,0.796894522,36,158,1974,5946,302,150,120,1.5
171.105,48,127.252,900,2548.759447,269347,24.11823677,0.89067632,140,634.3675311,20729,19.41348664,0.680478751,44,150,1639,6546,383,150,120,1.5
172.351,34,122.801,904,2555.102593,275859,23.66625436,0.896129352,136,633.7817446,19649.5,20.4422148,0.709057876,36,144,1229,5931,268,150,120,1.5
173.349,36,119.004,908,2542.516807,276885.5,23.34680477,0.884145975,144,648.6101717,20410.5,20.61170255,0.679636544,44,144,1491,6953,188,150,120,1.5
185.173,48,129.139,908,2588.073156,278197,24.07690471,0.880075625,132,626.1248904,19496.5,20.10783363,0.739581297,54,159,1632,8259,241,150,120,1.5
173.104,46,137.441,856,2442.374671,261201.5,22.8375183,0.876138618,144,765.4385988,26976.5,21.71876442,0.838328072,44,153,1529,6637,474,150,120,1.5
181.334,47,111.018,904,2574.859953,268792.5,24.6655088,0.892462804,152,814.2670258,30252.5,21.91656192,0.845787216,36,149,1887,6016,212,150,120,1.5
173.234,46,106.042,888,2510.031525,276192.5,22.81111275,0.882244592,172,832.5096664,34516,20.07974113,0.744961343,48,146,2130,7481,122,150,120,1.5
183.273,51,126.143,900,2537.629505,263080.5,24.47754015,0.901884889,164,818.0243852,33142,20.19081211,0.804424208,44,160,1730,7024,265,150,120,1.5
174.103,45,141.227,896,2467.203098,260973.5,23.32455644,0.899992306,164,812.6101717,34068.5,19.38257602,0.763531393,42,157,1435,6610,411,150,120,1.5
177.229,46,116.039,908,2515.629505,261147.5,24.23301699,0.908931509,148,780.0243852,28781,21.14026759,0.832330955,38,151,2043,6182,257,150,120,1.5
178.34,43,113.018,908,2501.788885,265792,23.54829199,0.900959197,156,932.5096664,38246,22.73634571,0.877354832,38,146,1792,6230,169,150,120,1.5
184.174,48,125.144,908,2703.97265,266608.5,27.42398721,0.899843912,148,906.2670258,35006.5,23.46192627,0.895413614,51,156,1553,7722,220,150,120,1.5
176.102,46,133.135,888,2514.173661,260940.5,24.2241783,0.898584847,172,970.1665206,40892,23.01729135,0.867425688,42,150,1457,6212,518,150,120,1.5
174.233,49,105,908,2554.416301,261569,24.94577967,0.903495736,148,906.8528123,33566,24.50044757,0.910099195,44,143,2204,6549,187,150,120,1.5
175.231,45,111,904,2526.416301,264607,24.12173271,0.900449011,164,971.3380935,37975,24.84523218,0.895449701,43,145,1888,6488,234,150,120,1.5
180.336,51,118.068,880,2483.345234,261327.5,23.59875463,0.89259935,152,877.4385988,32428.5,23.74141556,0.885634827,50,153,1927,7580,245,150,120,1.5
181.177,49,128.316,900,2561.830515,262321.5,25.01882456,0.899305265,160,897.92388,33343.5,24.18064373,0.877244022,42,154,1587,6531,391,150,120,1.5
187.216,52,105.043,900,2486.374671,267635.5,23.09880044,0.897340918,152,911.92388,33672.5,24.69686429,0.899319653,36,151,2365,5886,117,150,120,1.5
163.689,33,111.005,904,2529.587874,265493,24.10163287,0.905109296,160,963.8233747,37320,24.89162641,0.901134453,41,131,2266,6446,261,150,120,1.5
184.272,57,124.064,908,2522.274166,264547,24.0481539,0.901739167,164,964.0660154,37380.5,24.86385367,0.887474847,51,158,2187,7794,298,150,120,1.5
180.278,44,143.283,912,2558.658942,267507.5,24.47309172,0.90211763,156,918.7523071,34941.5,24.15768647,0.897319756,43,155,1404,6809,482,150,120,1.5
180.136,49,111.041,912,2509.203098,271944.5,23.15215123,0.90105132,156,905.0954529,35067.5,23.36059824,0.892655455,33,150,2295,5517,203,150,120,1.5
176.23,34,113.159,908,2555.587874,267832,24.38479862,0.910605939,152,957.8233747,34827,26.34236705,0.914181643,42,142,1412,6730,104,150,120,1.5
182.176,47,113.111,908,2567.93102,262209,25.14890688,0.900847438,172,962.308656,37958,24.39638414,0.879087446,53,152,1615,7829,99,150,120,1.5
177.181,49,120.15,892,2528.315796,264175.5,24.19747768,0.898514105,168,912.7523071,35256.5,23.63016108,0.872194889,48,149,1762,6983,335,150,120,1.5
182.332,48,103.044,924,2544.759447,269397,24.03813199,0.897438812,160,911.8233747,33074,25.13823144,0.890049845,31,144,2063,5303,196,150,120,1.5
181.334,52,97.129,920,2579.345234,268251.5,24.80143386,0.906094034,160,931.5807341,34599.5,25.08252039,0.885920478,36,146,2393,5958,73,150,120,1.5
183.175,52,113.159,912,2532.173661,264243.5,24.26513216,0.897286092,160,961.1370831,34815,26.53409428,0.888492048,52,150,2038,7497,274,150,120,1.5
177.138,53,121.103,896,2519.587874,264898,23.96516039,0.898854062,152,904.1665206,31709,25.7818631,0.894639957,43,152,2128,6608,381,150,120,1.5
183.134,54,102,928,2559.345234,269317.5,24.32165762,0.896818762,156,912.7523071,32748.5,25.43984531,0.879794462,33,144,2564,5309,228,150,120,1.5
180.336,54,100.045,920,2615.487369,270635.5,25.27670678,0.895316337,148,887.5807341,29929.5,26.32184165,0.891829999,34,145,2450,5653,215,150,120,1.5
182.464,57,109.073,924,2705.97265,269559.5,27.16390253,0.900791459,144,966.7523071,34473.5,27.11096997,0.925853585,51,152,2343,7683,177,150,120,1.5
177.138,62,97.046,916,2667.386864,265199,26.82873119,0.901160806,148,917.3380935,31714,26.53431222,0.907955073,45,152,2572,6621,130,150,120,1.5
179.137,59,99.02,932,2759.386864,269125,28.29248812,0.888827007,148,937.5807341,32676.5,26.90182954,0.911212296,36,147,2668,5716,212,150,120,1.5
175.231,57,96.13,928,2624.901583,272443,25.29009121,0.906088247,140,860.2670258,27901.5,26.52399892,0.91253415,44,144,2589,6538,201,150,120,1.5
179.279,61,109.041,924,2825.528999,275934,28.93305691,0.873060158,172,939.5807341,32735.5,26.9680303,0.868254243,48,151,2626,7242,328,150,120,1.5
177.071,56,101.005,928,2588.759447,271295,24.70253958,0.907070771,156,891.8233747,29064,27.36543255,0.880901016,50,151,2130,7028,109,150,120,1.5
168.582,36,114.215,924,2678.215291,272034,26.36742887,0.886733827,152,862.1665206,27086,27.44336961,0.879078534,39,136,1883,6393,264,150,120,1.5
162.788,29,111.759,928,2597.002088,275899.5,24.44520503,0.895991702,156,864.1665206,28429,26.26838001,0.872523076,42,128,1735,6578,242,150,120,1.5
180.278,55,108.042,928,2574.859953,275104.5,24.09958316,0.899766944,156,875.5807341,28411.5,26.98349689,0.891211533,54,149,2325,7935,225,150,120,1.5
172.073,50,105.043,928,2564.173661,271127.5,24.25053365,0.900490684,164,865.4802289,28358,26.41427557,0.859166106,44,148,2022,6367,119,150,120,1.5
185.327,53,107.042,920,2722.901583,268986,27.5634904,0.905633378,152,832.1665206,25865,26.77367555,0.87269662,33,150,2282,5695,213,150,120,1.5
179.338,42,110.164,928,2588.416301,273888,24.46218509,0.894411907,160,845.8233747,27251,26.25287811,0.855655724,36,145,1831,6020,183,150,120,1.5
182.332,54,112.285,932,2621.93102,276678,24.84665306,0.906049774,164,834.4091612,25948.5,26.83155667,0.853091087,50,153,2221,7729,209,150,120,1.5
169.145,46,114.018,936,2815.185853,274980,28.82126478,0.865573748,168,846.0660154,26987.5,26.52441695,0.85659699,40,150,1760,6185,215,150,120,1.5
175.14,45,112.018,900,2503.88939,269509.5,23.26249011,0.901809591,164,846.4091612,27466.5,26.08299085,0.852881569,44,147,1950,6758,165,150,120,1.5
162.788,29,107.168,932,2834.014281,277611,28.93126332,0.856691361,172,837.8233747,27087,25.91457183,0.847394046,38,130,1971,6257,121,150,120,1.5
172.29,51,91.005,900,2552.759447,268637,24.25794212,0.898196748,152,802.5096664,26011,24.75959266,0.833234173,54,139,2377,7634,59,150,120,1.5
157.051,38,113.018,928,2575.244729,278227,23.83623952,0.889257842,188,911.9655101,30196,27.54275704,0.901524902,47,137,1631,6486,209,150,120,1.5
177.229,52,99.045,904,2568.658942,267310.5,24.68293898,0.898958883,172,834.7523071,25731.5,27.08009304,0.916231868,32,142,2289,5033,203,150,120,1.5
172.235,48,103,936,2650.558437,271927,25.83583104,0.889050071,192,884.5512966,27869.5,28.07481283,0.902414815,38,136,2103,5766,257,150,120,1.5
169.296,50,97.329,924,2719.386864,273369,27.05158564,0.905864636,168,833.92388,28431.5,24.45980823,0.865417528,45,142,2190,6780,78,150,120,1.5
153.118,35,105.575,932,2577.587874,276353,24.04156731,0.902766337,176,880.0660154,28422.5,27.25010789,0.909022468,45,132,1600,6308,98,150,120,1.5
184.329,55,103.044,928,2561.102593,277296,23.65431342,0.905820448,168,818.8528123,28774,23.30297936,0.844290045,31,145,2324,5331,233,150,120,1.5
180.336,54,97,932,2579.345234,278415.5,23.89601813,0.902958331,164,861.5807341,27662.5,26.83493399,0.907034653,36,137,2580,5606,321,150,120,1.5
170.188,53,103.044,936,2562.617312,275278,23.85591107,0.908591729,180,852.6518018,30584,23.77109257,0.851576919,52,141,2403,7306,189,150,120,1.5
154.208,45,99,928,2614.759447,274906,24.87019915,0.901520459,168,816.1665206,29233,22.78684327,0.809084408,45,138,2072,6875,95,150,120,1.5
175.14,54,102.02,928,2559.93102,275581,23.77974834,0.903480348,176,785.6812394,31227,19.76798956,0.640296274,47,143,2355,6764,227,150,120,1.5
162.788,35,102.02,924,2685.144223,275341.5,26.18566217,0.899038464,168,764.8528123,29425,19.88104756,0.686648988,39,125,2286,6097,231,150,120,1.5
178.281,63,84.054,932,2575.102593,278009,23.85229746,0.903597878,192,808.4091612,31613.5,20.67235111,0.577904745,61,146,2925,8267,21,150,120,1.5
160.153,47,103,900,2504.031525,272583.5,23.00276385,0.896565674,180,758.8528123,29668,19.41005766,0.567546327,46,139,2237,6738,190,150,120,1.5
183.221,60,96.047,944,2639.487369,286463.5,24.32035346,0.897961785,200,818.4091612,33780.5,19.8278165,0.569988757,44,148,2823,6599,191,150,120,1.5
178.34,55,95.021,920,2688.416301,280618,25.75594655,0.897349206,192,771.5807341,29819.5,19.96468181,0.52819288,52,141,2724,7587,158,150,120,1.5
177.341,64,86.209,944,2630.416301,283107,24.43984048,0.902309368,204,838.4091612,34970.5,20.10065403,0.618089841,50,148,2982,7293,27,150,120,1.5
164.195,54,100.02,928,2673.93102,278812,25.64418713,0.896962193,192,811.0954529,33698.5,19.52240704,0.646392912,41,145,2375,6264,129,150,120,1.5
183.221,61,101.005,944,2599.68838,286144.5,23.61876489,0.89782869,216,831.5807341,35009.5,19.75253909,0.519040758,41,147,2987,6314,272,150,120,1.5
168.858,55,101,932,2684.416301,285636,25.22823061,0.891476131,200,779.0954529,31746.5,19.11989431,0.457841556,36,143,2674,6845,241,150,120,1.5
173.185,68,82.098,940,2608.516807,293172.5,23.2094072,0.893228452,188,809.0954529,33807.5,19.36361612,0.654738455,55,149,3480,7888,17,150,120,1.5
156.042,51,94.021,920,2688.759447,280317,25.79018527,0.902976361,188,781.5807341,31482.5,19.4034287,0.53843356,46,136,3333,6858,126,150,120,1.5
184.329,65,95.047,936,2605.345234,283142.5,23.97317177,0.900362973,196,798.8944424,31763.5,20.09326208,0.509574832,39,150,3161,6397,165,150,120,1.5
176.343,57,102.02,928,2621.345234,283638.5,24.2260865,0.905312743,184,766.9949477,29198,20.14799814,0.600172403,33,148,2807,5747,197,150,120,1.5
177.181,75,73.062,936,2610.031525,287134.5,23.72499496,0.896866771,200,848.7523071,37964.5,18.97510776,0.570902652,86,149,3746,10417,0,150,120,1.5
170.188,59,101.597,928,2621.102593,284034,24.18787471,0.913261275,212,841.5807341,36456.5,19.42748569,0.415226917,45,154,2704,7016,81,150,120,1.5
172.012,39,116.276,932,2606.416301,282987,24.00607073,0.900098524,224,885.4802289,38608,20.3086209,0.399371679,36,147,1605,5920,178,150,120,1.5
174.233,60,99.005,932,2615.68838,283472.5,24.1357652,0.903606663,212,827.6812394,35958,19.05156666,0.343265708,47,147,2852,7005,245,150,120,1.5
175.285,78,82.219,932,2598.617312,287980,23.44889205,0.902235145,212,869.4802289,37440,20.19219734,0.532804741,48,158,4105,7792,26,150,120,1.5
170.188,68,85.053,936,2601.203098,288542.5,23.44977797,0.903919468,224,880.6518018,40038,19.37028813,0.541213186,53,148,3412,7783,84,150,120,1.5
186.218,60,107.005,932,2594.859953,292938.5,22.98536441,0.893633484,204,838.9949477,36110,19.49356196,0.58684923,31,156,2737,5658,172,150,120,1.5
182.395,46,110.114,936,2613.203098,296240.5,23.05164363,0.896676752,216,844.1665206,36815,19.35670554,0.462084903,44,147,1895,6970,166,150,120,1.5
172.351,54,108.227,932,2612.274166,296098,23.04634384,0.892457527,192,804.1665206,32287,20.02923136,0.67629953,45,156,2219,7058,73,150,120,1.5
170.188,62,93.048,936,2673.68838,292191.5,24.46549455,0.89260564,228,880.8944424,39678.5,19.55656133,0.446470403,48,154,2948,7492,20,150,120,1.5
186.132,59,106.042,932,2623.788885,291783,23.5937944,0.899434469,204,819.5807341,35111.5,19.13084259,0.566810713,47,157,2603,7344,157,150,120,1.5
177.341,48,114.018,948,2831.487369,292223.5,27.43557832,0.897555179,232,903.3797237,40712.5,20.04531594,0.51882136,39,151,2009,6488,233,150,120,1.5
180.336,48,115.109,928,2633.303604,298545,23.22694357,0.898672587,208,876.1665206,40267,19.06443916,0.651520664,50,155,1961,7856,122,150,120,1.5
171.187,55,102.122,936,2621.303604,300399,22.87368661,0.890783896,220,903.2375883,41850.5,19.49410738,0.577993699,59,153,2316,8455,81,150,120,1.5
183.221,55,113.018,936,2667.203098,305381.5,23.29536127,0.89292158,208,870.7523071,39357.5,19.2646784,0.631040185,38,155,2314,6443,240,150,120,1.5
177.341,49,107.042,936,2623.060963,304357.5,22.6064704,0.881898585,208,882.1665206,40180,19.36828696,0.641927951,44,148,2078,6946,132,150,120,1.5
178.34,50,118.106,936,2645.303604,309447,22.61334301,0.891940729,208,877.92388,40649.5,18.96088117,0.642762759,38,153,2111,6403,248,150,120,1.5
174.072,54,105.019,928,2632.475177,304509,22.75770357,0.892614066,220,905.5807341,42856.5,19.13540457,0.612107316,56,154,2272,8174,78,150,120,1.5
182.135,53,110.018,924,2625.84776,301473,22.87129016,0.908256591,208,844.2670258,37701.5,18.90605973,0.628583675,43,154,2081,6674,158,150,120,1.5
180.336,52,107,916,2582.190906,300438,22.19329737,0.902826942,204,902.9949477,42798,19.05228925,0.66330085,39,145,2142,6098,288,150,120,1.5
175.345,49,117.107,932,2653.546244,303371.5,23.21018181,0.897821656,220,913.1370831,41271,20.20351657,0.627395717,47,150,2014,7389,276,150,120,1.5
178.101,56,109.073,924,2618.333041,307598,22.28775192,0.894815824,216,913.8233747,43093,19.37839464,0.626120013,47,156,2387,7266,146,150,120,1.5
184.329,52,114.018,948,2675.546244,312384.5,22.91582234,0.895200591,208,883.3380935,41331,18.87895738,0.634519306,30,158,2049,5522,131,150,120,1.5
176.23,52,108.019,916,2635.445739,304762,22.79015836,0.891405758,212,918.4091612,44062.5,19.14270383,0.68245289,47,149,2374,7124,238,150,120,1.5
172.418,56,101.005,952,2789.68838,314897.5,24.71395059,0.893003931,220,922.9949477,43892,19.40945214,0.641923799,41,153,2605,6912,65,150,120,1.5
187.096,59,114,948,2694.901583,304712,23.83396302,0.89430487,220,918.8944424,42251.5,19.98430816,0.642011227,42,162,2377,6755,176,150,120,1.5
186.325,54,114,936,2780.073156,310225,24.91355226,0.886860547,200,890.7523071,41315.5,19.20440688,0.692269793,34,159,2292,6160,181,150,120,1.5
175.345,51,118.152,944,2631.002088,308438.5,22.44263277,0.889563016,208,916.4091612,43139.5,19.46721104,0.702769485,36,152,2291,6220,315,150,120,1.5
155.425,39,97.015,956,2829.002088,319535.5,25.04652163,0.888837659,232,969.4802289,46966,20.0121772,0.622564654,50,134,2507,7317,20,150,120,1.5
183.098,57,123.065,960,2651.144223,307590.5,22.85039913,0.898906435,224,900.9949477,42103,19.28109388,0.611951293,56,161,2408,8432,329,150,120,1.5
182.099,50,116.108,964,2662.516807,313965.5,22.57890038,0.889146172,216,917.4802289,42792,19.67119953,0.655086763,38,157,2110,6281,193,150,120,1.5
171.237,47,113.111,948,2610.901583,303026,22.49578279,0.899644859,216,923.4802289,43641,19.54161759,0.663478429,50,150,2282,7713,157,150,120,1.5
149.05,33,95.755,956,2938.014281,306203,28.1902134,0.88758856,236,941.3797237,45289.5,19.56735632,0.546281824,37,127,2457,5948,52,150,120,1.5
193.093,57,128.062,964,2689.386864,307188,23.54519611,0.889976486,220,892.4091612,42347.5,18.80616591,0.582063741,40,169,2102,6966,280,150,120,1.5
184.068,30,128.062,960,2763.244729,320445,23.82786884,0.885836,228,918.0660154,44435.5,18.96783447,0.536694423,34,157,654,5602,228,150,120,1.5
175.14,45,119.038,952,3038.256921,314529.5,29.34861474,0.882857526,216,859.0954529,39854.5,18.51848592,0.498770246,49,149,2216,7596,265,150,120,1.5
162.077,44,111.072,952,2736.859953,322879.5,23.19875495,0.877634361,224,961.7228695,48614.5,19.02541171,0.635162958,40,151,1967,6433,80,150,120,1.5
189.042,59,125.004,924,2697.345234,310648.5,23.42091241,0.886639016,228,930.6518018,45389,19.08199732,0.538068939,55,169,2151,8506,262,150,120,1.5
187.216,33,125.004,960,2928.901583,328391,26.12271494,0.881086971,240,963.1370831,48566,19.10046207,0.548707927,47,159,923,7200,182,150,120,1.5
177.341,30,140.577,932,2666.132031,314405,22.60860993,0.894209508,232,928.9949477,45341,19.03424302,0.595685423,28,159,753,5685,200,150,120,1.5
163.196,43,92.347,956,2772.416301,319180,24.08137148,0.883714534,220,961.7228695,47906.5,19.30658424,0.644869748,82,135,1866,9813,0,150,120,1.5
185.024,55,112.161,964,2986.700572,321021,27.78752888,0.885488059,236,956.8944424,47728.5,19.1844909,0.577131276,42,164,2329,7180,96,150,120,1.5
185.173,55,116.069,924,2690.717817,320560.5,22.58532281,0.894166708,228,946.308656,47506,18.85025202,0.605214206,41,162,2428,7190,221,150,120,1.5
182.332,52,121.037,952,2727.445739,321900,23.10953793,0.892617691,224,924.4091612,45643.5,18.72188367,0.601417617,39,160,2182,6786,212,150,120,1.5
155.206,35,113.217,976,2834.516807,322075.5,24.94596928,0.895125363,224,957.4802289,47284,19.38855403,0.638087305,47,145,1493,6910,78,150,120,1.5
185.024,61,122.037,968,2717.788885,325528,22.69044882,0.891905755,232,959.1370831,48376,19.01653597,0.594165036,39,164,2770,6522,341,150,120,1.5
185.173,54,116.069,928,2692.617312,316397,22.91484429,0.887205407,228,948.7939372,45934,19.59789993,0.600439985,30,161,2305,5739,205,150,120,1.5
182.395,53,116.108,964,2784.173661,330705.5,23.43965545,0.885206835,228,938.6518018,46021,19.14489483,0.557440453,39,159,2149,6685,209,150,120,1.5
167.242,42,122.262,996,2901.002088,325223.5,25.87701416,0.902550857,224,915.4802289,43189,19.40549792,0.574260989,42,156,1610,6942,156,150,120,1.5
188.024,54,130.035,972,2769.830515,322913.5,23.75856408,0.878306533,216,946.8944424,45909.5,19.52992485,0.671709941,35,165,1563,5537,341,150,120,1.5
186.218,34,142.144,972,2903.244729,321047,26.25419317,0.900998814,212,946.8944424,45165.5,19.85163643,0.678529082,48,163,976,8040,203,150,120,1.5
181.334,51,122.262,960,3004.901583,326817,27.62840832,0.883803011,244,998.2081507,51765.5,19.24871801,0.575921099,28,163,2200,5568,193,150,120,1.5
176.284,44,129.314,956,2719.93102,324689,22.78495654,0.895299993,228,941.4802289,46632,19.00808504,0.572330572,43,158,1840,7336,298,150,120,1.5
193.023,64,121,936,2661.546244,326371.5,21.70480085,0.877593853,228,970.308656,50014,18.82470684,0.622080321,39,171,2887,6729,223,150,120,1.5
186.172,54,123.102,940,2679.788885,324479,22.13168947,0.895675497,220,950.308656,46388,19.46810687,0.626450353,30,165,2325,5843,342,150,120,1.5
184.329,53,138.232,948,2689.788885,325422,22.23256032,0.879372968,244,1000.551297,51871.5,19.29967125,0.574927228,28,168,2252,5687,377,150,120,1.5
179.179,41,141.227,984,2761.487369,330778.5,23.05413589,0.897484766,224,932.1665206,46983,18.49465598,0.561712295,28,160,1736,5353,564,150,120,1.5
193.065,57,134.134,952,2865.93102,330076,24.88384679,0.877180299,244,994.5512966,51910.5,19.05457049,0.508062057,40,169,2438,7187,451,150,120,1.5
188.215,56,123,968,3022.700572,332031,27.51766778,0.886085664,228,928.1665206,46193,18.64986232,0.546027218,38,166,2581,6978,313,150,120,1.5
184.329,52,136.367,948,2872.416301,326102,25.30121069,0.874932544,228,976.308656,50395,18.91415005,0.613681383,39,161,2408,7030,514,150,120,1.5
181.334,49,140.228,944,2756.516807,324646.5,23.40510341,0.888089285,228,961.8233747,49477,18.69766162,0.602309247,38,162,2217,6822,548,150,120,1.5
200.09,67,133.184,952,2688.132031,331722,21.7834627,0.884363228,236,981.4802289,51424,18.73256533,0.585370227,36,179,2821,6809,381,150,120,1.5
189.32,57,137.295,968,2830.516807,334245.5,23.9698826,0.890286066,228,952.7523071,49780.5,18.2347899,0.577859483,30,172,2436,5991,461,150,120,1.5
182.332,56,136.297,960,2826.759447,326628,24.46382115,0.883533811,236,970.0660154,50061.5,18.79744063,0.594920726,25,166,2643,5260,549,150,120,1.5
180.336,55,146.414,968,2752.374671,334246.5,22.6646093,0.888721406,240,999.7228695,52099.5,19.18340514,0.595940313,33,165,2579,6344,713,150,120,1.5
198.091,61,137.179,960,2852.759447,334055,24.36196574,0.877589521,216,938.4091612,45960.5,19.16018655,0.651388813,22,177,2540,4769,390,150,120,1.5
189.214,62,138.362,964,2738.374671,330449.5,22.69241091,0.88915864,248,1017.622364,52500,19.72486241,0.585185472,33,170,2837,6323,607,150,120,1.5
185.327,56,146.277,968,2859.244729,334713,24.42474722,0.886190206,224,976.308656,48943,19.47527924,0.618339578,28,175,2330,5844,517,150,120,1.5
180.336,50,142.352,960,2724.475177,331847,22.36803403,0.881192499,248,1018.208151,53579.5,19.34971096,0.570541575,30,164,2438,5804,517,150,120,1.5
197.063,55,139.291,964,2771.546244,338184.5,22.71383988,0.882354684,224,940.6518018,47532,18.61537096,0.512712188,28,176,2299,5657,352,150,120,1.5
188.215,54,156.259,964,2768.617312,338019,22.6769555,0.866303256,232,990.8944424,50879.5,19.29798438,0.641968117,30,174,2212,5945,502,150,120,1.5
189.381,57,141.287,964,2923.587874,342180,24.9791515,0.889876067,220,981.4802289,49084,19.62560997,0.676134842,27,173,2751,5669,502,150,120,1.5
120.337,9,116.619,964,2771.68838,338234.5,22.7128116,0.884835924,252,1069.521859,57755.5,19.80550782,0.612526393,26,109,2574,5741,485,150,120,1.5
200.04,59,137.033,980,2822.173661,343106.5,23.2133876,0.886508084,232,990.5512966,49368.5,19.87485687,0.600758697,41,180,2356,7322,320,150,120,1.5
196.207,56,147.275,980,2804.173661,342191.5,22.97950101,0.871306274,228,1011.72287,53713.5,19.05634831,0.645862637,33,177,2548,6700,444,150,120,1.5
187.385,52,135.093,984,2826.173661,345576.5,23.11284929,0.884171289,220,992.6518018,51358,19.18605864,0.654197368,27,172,2564,5707,337,150,120,1.5
184.22,51,144.347,980,2796.031525,344905.5,22.66647616,0.869249635,244,1057.622364,57652,19.40201668,0.59799865,45,164,2913,8235,579,150,120,1.5
196.092,34,162.693,976,2820.173661,340395.5,23.36511346,0.886821699,232,1026.551297,54498.5,19.33645081,0.608649014,33,175,862,6342,439,150,120,1.5
190.213,57,142.172,948,2726.960458,332903,22.33777809,0.886610996,244,1041.96551,57071,19.02353427,0.573026786,23,178,2596,5106,524,150,120,1.5
191.316,58,152.21,976,2801.345234,339084.5,23.14330239,0.882362477,236,1035.622364,54255,19.76801551,0.578572561,38,173,2922,7317,642,150,120,1.5
184.329,23,178.664,984,2804.031525,346221.5,22.70971848,0.883226697,240,1032.793937,52720,20.23261223,0.551750258,34,166,636,6637,728,150,120,1.5
205.039,40,177.248,980,2829.345234,341338.5,23.45236313,0.884702449,228,962.4091612,49428.5,18.7388125,0.561992389,33,186,798,6261,502,150,120,1.5
196.308,54,152.161,968,2767.587874,339510,22.56058037,0.873001097,220,968.8944424,47734.5,19.66620454,0.575205011,30,178,2280,6138,634,150,120,1.5
188.322,54,143.224,964,2806.274166,335817,23.45079223,0.890129439,252,1074.936073,57741,20.01156128,0.594533608,48,170,2815,8791,496,150,120,1.5
188.215,20,185.828,936,2645.102593,323574,21.62277479,0.890287826,224,992.6518018,51274,19.21749034,0.646150594,45,166,530,8301,715,150,120,1.5
208.087,53,156.115,928,2675.989895,324694,22.05437095,0.89923488,256,1055.865005,56669.5,19.67285592,0.498055765,40,184,1973,7611,493,150,120,1.5
196.163,54,152.161,920,2621.303604,313419,21.92347172,0.892545912,220,979.2375883,49084.5,19.53582606,0.632175625,22,181,2540,5068,593,150,120,1.5
186.526,53,155.261,948,2671.203098,320847.5,22.23899514,0.882737284,248,1035.622364,55143,19.44967959,0.567053935,32,175,2439,6761,640,150,120,1.5
181.334,43,149.405,968,2985.386864,323588,27.54284685,0.892617068,224,982.8944424,47319.5,20.41613891,0.62605502,41,164,1942,7368,477,150,120,1.5
196.092,33,162.25,940,2872.759447,319645,25.81847625,0.874672496,244,1003.379724,51666.5,19.48595066,0.511398278,51,175,628,8785,322,150,120,1.5
190.318,50,146.219,968,2699.345234,322323.5,22.60606096,0.89309509,220,976.308656,45607,20.89983099,0.624658964,36,171,2066,6788,616,150,120,1.5
188.322,49,152.329,956,2768.617312,319323,24.00466556,0.873065666,236,1018.066015,54153.5,19.13926914,0.542241974,33,172,2038,6421,426,150,120,1.5
183.33,48,154.208,952,2780.516807,324406.5,23.8320555,0.885003278,224,985.7228695,46970.5,20.68637923,0.611946128,48,168,2160,8546,626,150,120,1.5
202.089,44,161.112,944,2664.617312,322399,22.02297594,0.871968801,248,1053.137083,53081,20.89443898,0.596545468,48,182,1034,8550,381,150,120,1.5
188.215,46,154.263,984,2745.97265,326971.5,23.06123254,0.893539398,240,1031.379724,47164.5,22.55391522,0.632792447,50,171,1625,8612,591,150,120,1.5
190.379,55,150.27,924,2643.546244,323356.5,21.61186414,0.87324319,240,1066.551297,50638.5,22.46377101,0.6496377,30,174,2542,6108,618,150,120,1.5
185.327,48,155.39,948,2672.173661,318173.5,22.44219608,0.889122317,228,1016.994948,47385,21.82713356,0.647383053,27,168,2388,5585,730,150,120,1.5
201.159,41,163.196,944,2683.203098,321945.5,22.36272558,0.874499414,228,991.3380935,47709,20.59886427,0.568701479,40,177,1098,7344,509,150,120,1.5
195.164,53,156.205,976,2733.73001,324697,23.01616512,0.883328131,256,1088.450791,55105,21.49941249,0.585803539,25,178,2083,5288,625,150,120,1.5
195.31,52,156.259,932,2651.445739,320546,21.93184288,0.876690988,256,1097.036578,54680.5,22.00947784,0.607849916,38,177,2160,7315,593,150,120,1.5
185.327,53,148.216,948,2667.102593,318943,22.30315838,0.88949541,264,1065.622364,56112,20.2372224,0.56845677,25,171,2788,5339,679,150,120,1.5
204.157,40,169.106,960,2724.558437,323766,22.92772767,0.877893882,252,1062.308656,51516,21.90580947,0.635665322,40,183,1004,7618,513,150,120,1.5
198.162,46,165.245,968,2716.416301,325280,22.68481777,0.877575501,260,1054.793937,54605,20.37524494,0.510269356,23,181,1694,5055,683,150,120,1.5
197.365,63,148.054,952,2698.274166,324231,22.45523554,0.876532715,248,1129.279218,47693,26.73917668,0.60149948,38,182,2988,7462,487,150,120,1.5
183.33,47,168.36,952,2680.960458,322666,22.27550773,0.877343584,280,1136.592927,60483,21.35878645,0.569838192,32,169,2411,6674,729,150,120,1.5
208.087,51,156.029,956,2702.759447,320582,22.78639671,0.887049412,252,1100.208151,52494.5,23.05875806,0.673774702,20,188,1531,4617,415,150,120,1.5
190.168,47,168.241,948,2662.717817,321414.5,22.05894934,0.875827323,284,1150.936073,62011,21.36159461,0.553275795,9,181,1782,2804,839,150,120,1.5
199.304,52,155.261,956,2840.073156,324367,24.86694247,0.87847128,256,1082.551297,50246.5,23.32336202,0.633200728,34,180,2295,6936,558,150,120,1.5
186.387,46,159.255,944,2708.232536,327558.5,22.39149181,0.880856418,280,1087.036578,59389.5,19.89658983,0.572126677,39,170,1995,7278,734,150,120,1.5
200.062,44,160.05,944,2697.102593,320752,22.67908664,0.883438775,256,1037.237588,51011.5,21.09057398,0.597280073,36,180,1362,6926,451,150,120,1.5
193.093,46,171.187,952,2716.475177,334887,22.03500699,0.862475052,288,1096.107646,61282,19.60529961,0.506775379,17,179,1904,4103,636,150,120,1.5
191.316,53,157.258,936,2803.102593,326975,24.0305349,0.87460309,260,1026.551297,53766.5,19.59970548,0.606210724,23,180,2152,5154,678,150,120,1.5
185.219,47,158.256,940,2706.274166,327647,22.35308079,0.87470598,268,1068.693432,56459.5,20.22875958,0.591377423,31,172,2210,6197,711,150,120,1.5
207.155,55,160.2,936,2755.203098,324789.5,23.37250469,0.88200641,264,1046.208151,55101.5,19.86427765,0.583889165,22,189,1596,4882,479,150,120,1.5
202.158,47,168.19,948,2741.788885,336016,22.37216766,0.865983243,280,1085.279218,61059,19.29004704,0.556278904,17,183,1627,4002,734,150,120,1.5
195.369,53,161.251,944,2684.859953,323805.5,22.26173726,0.880262361,264,1045.379724,54657.5,19.99393984,0.580983973,23,181,2175,5233,627,150,120,1.5
184.22,48,156.115,952,2868.073156,334349,24.60256686,0.8567119,260,1093.622364,55918,21.38863829,0.653210915,22,173,2193,4918,940,150,120,1.5
216.148,59,156.205,932,2748.617312,329941,22.89772149,0.878924026,272,1156.693432,63183.5,21.1754603,0.698650803,22,195,1697,4966,401,150,120,1.5
199.09,44,170.144,944,2691.445739,329754,21.96752781,0.871390567,272,1162.693432,61740.5,21.89577371,0.686480179,25,185,1534,5396,683,150,120,1.5
203.482,55,160.028,936,2678.960458,327299,21.92743985,0.874525575,284,1124.450791,66667,18.9657489,0.557563191,21,189,2489,5581,634,150,120,1.5
194.209,54,153.118,928,2758.132031,337267,22.55569712,0.867963407,280,1098.450791,61640,19.57485628,0.571752772,19,181,2526,4591,669,150,120,1.5
211.152,54,165.194,936,2750.818322,337425,22.42572851,0.887912509,276,1100.107646,61832,19.57298538,0.606894569,31,192,1729,6507,551,150,120,1.5
197.162,48,169.145,932,2671.546244,332342.5,21.47531337,0.872404719,272,1178.107646,60593,22.90590703,0.662264542,12,187,1756,3545,658,150,120,1.5
199.304,58,157.029,936,2716.717817,338607.5,21.79678743,0.876663374,284,1146.107646,68493,19.17805812,0.588557067,36,183,2693,7208,672,150,120,1.5
198.204,50,163.248,928,2677.404109,335001.5,21.39839004,0.873898252,260,1094.551297,61760.5,19.39820016,0.666040962,27,180,2405,5951,703,150,120,1.5
216.083,57,164.195,936,2701.989895,341829,21.3578994,0.870811072,284,1133.7645,65812,19.53172584,0.586285683,28,196,1833,5810,539,150,120,1.5
209.194,52,165.109,928,2753.989895,341467,22.21140064,0.877813093,260,1074.551297,59754.5,19.32340642,0.631257078,19,192,1938,4951,644,150,120,1.5
199.203,54,160.253,948,2745.161468,338483,22.2637813,0.872685544,268,1110.350286,62511.5,19.7224152,0.599662886,20,188,2337,4892,598,150,120,1.5
200.422,55,159.255,928,2674.918828,332961.5,21.48954379,0.888377145,252,1055.137083,57520,19.35525494,0.669749697,40,187,2604,8473,612,150,120,1.5
216.083,56,161.05,936,2715.747255,339397.5,21.73051702,0.873794347,272,1112.107646,63470,19.48611021,0.583246943,19,199,1852,4784,382,150,120,1.5
212.151,50,166.148,928,2734.918828,340527.5,21.96527738,0.876800401,264,1160.107646,58178,23.13331069,0.622379484,42,194,1882,8613,473,150,120,1.5
201.42,52,164.596,912,2797.546244,330131.5,23.70650783,0.855584469,272,1138.693432,63552.5,20.40238751,0.609505223,17,190,2146,4767,656,150,120,1.5
197.307,53,159.255,924,2732.818322,336810,22.17361712,0.875724191,248,1091.137083,60466,19.69007598,0.697894385,13,182,2585,3647,638,150,120,1.5
215.149,53,167.192,936,2784.333041,333579,23.24040328,0.840449554,276,1148.350286,66968.5,19.69147255,0.603706807,20,197,1644,4834,661,150,120,1.5
214.189,50,171.187,920,2689.019333,340621,21.2283593,0.884332031,260,1121.96551,60991,20.639219,0.625475346,27,196,1833,6411,565,150,120,1.5
208.291,54,168.36,908,2878.475177,325866,25.42646162,0.85598398,272,1190.936073,62351,22.74748968,0.670880364,25,195,2327,6012,539,150,120,1.5
193.313,47,164.195,928,2740.918828,344040.5,21.83648733,0.876958109,268,1161.279218,67273,20.04622097,0.678412568,36,176,2147,7458,845,150,120,1.5
209.153,55,159.113,940,2759.989895,347752,21.90510543,0.861279707,272,1249.078208,67328,23.1730687,0.694835472,42,185,1828,7854,520,150,120,1.5
206.197,48,161.251,936,2830.960458,351595,22.79422948,0.872288659,272,1198.936073,66607,21.58103061,0.651177161,28,182,1474,5899,628,150,120,1.5
197.307,59,153.264,928,2876.717817,339379.5,24.38422297,0.824621777,260,1248.492422,63008.5,24.73846111,0.696258612,33,178,2354,6536,556,150,120,1.5
196.308,57,157.258,928,2738.090401,344833.5,21.74133036,0.866381352,272,1189.421354,68665,20.6032645,0.678649951,28,179,2476,5864,661,150,120,1.5
207.155,56,155.116,944,2791.303604,352370,22.11134832,0.861110324,268,1223.663994,61688.5,24.27281538,0.729804714,33,187,2045,6651,496,150,120,1.5
203.158,48,162.077,948,2777.989895,355075,21.73407832,0.86226091,276,1178.107646,72053,19.26273194,0.618167114,21,185,1488,4696,543,150,120,1.5
198.305,55,158.256,924,2740.717817,346215.5,21.69612323,0.852100801,248,1101.96551,61853,19.63248323,0.711995709,33,177,2491,6596,814,150,120,1.5
192.211,49,157.258,936,2736.575682,346887.5,21.58868931,0.840021666,276,1155.178713,67481.5,19.77486955,0.623756547,31,172,2201,6266,781,150,120,1.5
210.152,60,158.202,952,2969.73001,343671,25.66203238,0.843064998,248,1111.036578,59089.5,20.89038285,0.723548711,42,188,2013,7893,573,150,120,1.5
197.124,54,152.053,920,2953.93102,330788,26.37855204,0.824974835,264,1138.107646,65569,19.75459459,0.639041038,18,184,2049,4146,686,150,120,1.5
198.305,59,164.247,924,2743.060963,349189.5,21.54813775,0.870676602,248,1123.279218,56924,22.1656279,0.739211663,36,186,2334,7224,857,150,120,1.5
186.325,50,157.258,880,2653.747255,326840.5,21.54682327,0.854237406,260,1129.036578,64984.5,19.61580983,0.684724047,21,172,2238,5042,973,150,120,1.5
207.155,62,155.158,916,2953.102593,334004,26.10991164,0.838528788,252,1154.107646,58433,22.79472999,0.704930726,28,185,2626,5841,670,150,120,1.5
194.126,49,148.273,928,2954.759447,331928,26.30270237,0.823297849,260,1203.178713,65165.5,22.21480716,0.752306875,23,179,1990,4782,507,150,120,1.5
197.205,56,165.366,920,2817.002088,335525.5,23.65096174,0.836950825,232,1142.450791,60142,21.70186909,0.771890389,17,182,2414,4267,971,150,120,1.5
189.169,48,150.213,948,3375.386864,346349,32.89524867,0.814874362,256,1212.592927,69385,21.19163517,0.740118061,25,176,2070,5441,794,150,120,1.5
215.149,63,159.314,956,2893.587874,361335,23.17198939,0.877773093,252,1168.450791,61401,22.23542372,0.737648488,34,192,2153,6853,692,150,120,1.5
194.258,59,136.015,948,3051.68838,358650.5,25.96623166,0.819480385,256,1191.865005,62757.5,22.63541712,0.742070965,17,186,2349,4335,310,150,120,1.5
203.298,58,165.194,936,2839.345234,357617.5,22.54330774,0.857902427,244,1138.350286,58321.5,22.21893082,0.759610957,25,185,2436,5579,935,150,120,1.5
208.406,51,161.112,848,2644.333041,333349,20.9765058,0.823462241,232,1153.622364,62692,21.22829961,0.806272238,17,186,2184,4662,704,150,120,1.5
211.152,59,164.149,852,2654.333041,337484,20.87649753,0.828100097,252,1199.521859,64770.5,22.21462997,0.740445862,15,195,2054,4006,730,150,120,1.5
201.09,51,143.014,964,3139.144223,363854.5,27.08287641,0.82956335,240,1176.693432,60149.5,23.01943379,0.782974967,63,187,1520,10625,61,150,120,1.5
206.293,57,164.247,948,2880.274166,368804,22.49427683,0.847238152,240,1143.237588,66378.5,19.68999274,0.767562344,22,192,2355,5294,653,150,120,1.5
199.304,51,167.362,856,2655.504614,340483,20.71088646,0.826392096,240,1132.409161,62951.5,20.37045199,0.784147341,44,180,2297,8464,861,150,120,1.5
216.231,58,157.115,860,2659.161468,340710,20.75413024,0.82447157,264,1203.521859,68020.5,21.29453422,0.725974565,34,190,1893,6895,510,150,120,1.5
195.126,48,146,868,2697.646749,345816,21.04384408,0.822944109,216,1122.894442,58169.5,21.67616928,0.832354827,34,181,1548,6592,278,150,120,1.5
205.295,57,157.258,860,2672.918828,344974.5,20.71021209,0.819703767,272,1259.521859,73788.5,21.49922161,0.734300184,47,178,2372,8553,731,150,120,1.5
196.431,58,147.218,928,2861.303604,368931,22.19129949,0.855322561,240,1170.308656,64410,21.26412592,0.772468885,45,172,2909,8541,665,150,120,1.5
213.15,57,153.209,856,2647.504614,343691,20.39413509,0.819487379,264,1214.592927,67560,21.83593809,0.715596601,51,183,2165,9226,364,150,120,1.5
189.066,48,145,852,2637.989895,338225,20.57503345,0.821905204,212,1091.92388,58350.5,20.43337691,0.837314224,25,176,1877,4993,353,150,120,1.5
200.302,56,163.248,876,2669.404109,344617.5,20.67718063,0.808515887,280,1266.249781,73175,21.91169809,0.702270718,31,182,2274,6461,844,150,120,1.5
195.31,50,162.373,852,2659.504614,341801,20.6932244,0.831356847,232,1152.450791,57545,23.08007345,0.78896429,27,178,2179,5786,676,150,120,1.5
210.343,54,149.054,944,3040.457932,362441.5,25.50586628,0.813844029,244,1216.107646,66370,22.2829261,0.798565466,30,182,2114,6414,489,150,120,1.5
191.024,45,145.031,928,2778.274166,361391,21.35860423,0.820570659,224,1160.308656,63491,21.20483497,0.824665252,38,177,1760,7021,263,150,120,1.5
193.21,55,156.259,860,2678.918828,350347.5,20.48425088,0.816370193,272,1285.7645,75780,21.81565517,0.743731662,25,178,2454,5492,807,150,120,1.5
192.315,51,160.378,924,3233.587874,360697,28.98857085,0.801184279,232,1173.865005,59754.5,23.06033938,0.80671928,17,178,2329,4228,691,150,120,1.5
213.46,57,158.202,860,2665.019333,352909,20.12509753,0.81911247,240,1256.350286,66950.5,23.57586637,0.826675821,44,187,2205,8738,544,150,120,1.5
194.093,50,147.031,848,2664.433546,350893.5,20.23179718,0.827197247,252,1250.450791,71476,21.87625471,0.793024032,48,180,1943,8668,226,150,120,1.5
201.301,58,171.187,868,2686.433546,359534.5,20.07296991,0.825184919,276,1360.04877,75303,24.56386409,0.761070028,31,186,2402,6556,872,150,120,1.5
200.302,50,164.195,932,2783.203098,369967.5,20.93756745,0.83643481,256,1265.663994,66887.5,23.94924832,0.772649124,23,177,2301,5511,752,150,120,1.5
215.281,59,153.118,872,2698.232536,353759.5,20.58024963,0.825394103,228,1211.521859,62796.5,23.37367871,0.83183013,47,188,2261,9025,410,150,120,1.5
184.098,48,132.015,872,2707.546244,353216.5,20.7544287,0.81782442,272,1376.04877,75475,25.0879128,0.783314154,35,172,2270,6458,168,150,120,1.5
198.305,58,157.204,932,2845.587874,372567,21.73399778,0.832915561,256,1307.563489,68908,24.81166596,0.801024268,20,183,2564,4766,618,150,120,1.5
202.2,54,153.395,928,2793.203098,364142.5,21.42563296,0.828019226,280,1336.149276,74581.5,23.93750309,0.737682045,36,177,2288,7010,676,150,120,1.5
204.296,56,142.032,940,3143.244729,366227,26.97776904,0.818493999,224,1190.208151,62997.5,22.48653426,0.843275845,40,180,2437,7844,416,150,120,1.5
183.175,47,135.015,864,2702.818322,352725,20.71082822,0.813762032,292,1382.291411,78448.5,24.35648285,0.718880693,31,170,2251,6165,220,150,120,1.5
203.298,57,156.32,936,2856.617312,372223,21.92304739,0.829559248,240,1257.421354,67779,23.32740909,0.824745311,25,184,2439,5595,550,150,120,1.5
195.369,49,156.32,952,3023.144223,357204.5,25.58590666,0.804748125,268,1320.977703,73293.5,23.80814248,0.761935889,31,178,2194,6473,529,150,120,1.5
205.295,56,142.127,948,2877.93102,375586,22.05217169,0.8219625,224,1183.379724,62664.5,22.34738281,0.837044238,34,179,2505,7014,373,150,120,1.5
186.172,48,137.004,864,2706.818322,354475,20.66962531,0.812635903,260,1359.80613,72794.5,25.40126947,0.807202418,28,174,2068,5535,235,150,120,1.5
200.202,58,157.204,944,2855.203098,374395.5,21.77425939,0.821788128,224,1235.279218,65484,23.30210047,0.860315172,28,184,2436,6052,657,150,120,1.5
189.447,50,161.375,864,2689.88939,350980.5,20.61511945,0.815488328,300,1452.090401,79940.5,26.37669931,0.781252796,15,179,2078,4207,720,150,120,1.5
194.209,54,137.131,948,2890.031525,370694.5,22.5314436,0.841696009,228,1185.7645,61178,22.98272988,0.838892306,21,176,2336,4645,354,150,120,1.5
188.17,43,141.089,936,2953.68838,372055.5,23.44885385,0.818669653,284,1450.534052,75535,27.85528609,0.792363715,42,169,1760,7749,283,150,120,1.5
209.289,57,151.268,944,2840.274166,370528,21.77205863,0.843790969,224,1243.036578,66019.5,23.40429621,0.868536683,23,181,2365,5147,573,150,120,1.5
196.308,52,166.364,940,2836.859953,377117.5,21.34023054,0.831766114,276,1379.462984,76925.5,24.73715639,0.802978823,23,182,2191,5245,727,150,120,1.5
198.305,54,127.142,940,2896.416301,376130,22.30406347,0.846066483,252,1253.663994,65273.5,24.07827696,0.813251216,52,177,2321,9269,86,150,120,1.5
190.168,50,127.098,984,3399.227484,379127.5,30.4772075,0.815213356,252,1279.421354,68440,23.91757745,0.831911827,49,175,2119,8518,44,150,120,1.5
196.308,49,168.297,952,2897.68838,384767.5,21.82252385,0.855138906,256,1430.634557,76011.5,26.92638924,0.831455914,36,177,1742,6893,816,150,120,1.5
196.431,52,157.204,956,2878.759447,385138,21.51762733,0.833488848,272,1266.249781,71411,22.45296254,0.777007107,37,177,2183,7464,641,150,120,1.5
198.305,61,128.062,952,2863.445739,380848,21.52911792,0.84613251,276,1390.04877,74448,25.95416377,0.790781592,44,179,2882,8266,188,150,120,1.5
198.252,57,130.015,960,2923.345234,384035.5,22.25301399,0.837389814,272,1242.835567,66886.5,23.09345305,0.758206615,23,184,2437,5099,36,150,120,1.5
199.161,51,166.244,956,2894.516807,386833.5,21.65848497,0.848627116,276,1249.320849,70688.5,22.08000711,0.7363934,28,184,1939,6018,622,150,120,1.5
201.201,52,157.258,940,2862.374671,380715.5,21.52050221,0.832058239,212,1170.894442,61805.5,22.18239146,0.87393216,23,181,2208,5269,659,150,120,1.5
196.255,58,114.355,944,3160.558437,380944,26.22204217,0.83206516,276,1593.84776,77949,32.58990727,0.814373917,78,173,2455,12121,0,150,120,1.5
203.199,59,131.034,948,2945.244729,385802,22.48424454,0.839741052,220,1199.137083,64972,22.13152964,0.85936476,46,185,2488,8634,86,150,120,1.5
194.209,51,174.233,904,2835.788885,360521,22.30577026,0.840771407,292,1271.563489,72646,22.25688554,0.715284152,36,181,1804,7080,1000,150,120,1.5
195.256,43,163.248,932,3020.173661,366743.5,24.87146723,0.78953131,228,1192.551297,65827.5,21.60462717,0.852392225,25,178,1761,5848,641,150,120,1.5
190.263,52,122.332,928,3142.658942,362495.5,27.24531815,0.800294039,272,1282.936073,77593,21.21228676,0.795531772,50,174,2171,8875,7,150,120,1.5
196.125,53,130,928,3056.859953,368763.5,25.33979846,0.790731759,220,1181.480229,64116,21.771407,0.868512345,48,177,2093,8388,101,150,120,1.5
196.308,55,155.39,900,2866.960458,361477,22.73854842,0.804969953,288,1294.149276,75754.5,22.1085526,0.745161124,44,178,1990,8032,629,150,120,1.5
188.322,49,161.251,884,2766.859953,358060.5,21.38050412,0.779382953,256,1210.936073,67285,21.79335917,0.7951438,48,174,1921,8885,576,150,120,1.5
195.208,49,129.248,876,2762.717817,366304.5,20.83678944,0.804498161,308,1282.04877,70866,23.19376076,0.676845582,49,177,1706,8633,28,150,120,1.5
206.087,59,142.032,936,2996.658942,381576.5,23.53385184,0.820546515,244,1177.865005,65596.5,21.14999992,0.776593818,35,184,2108,6701,287,150,120,1.5
199.203,55,158.382,940,3339.97265,380962.5,29.28219262,0.797128302,264,1222.249781,70221,21.27418474,0.746564464,38,180,2197,7340,602,150,120,1.5
196.308,51,162.373,928,3308.457932,369975.5,29.58545602,0.774215833,272,1245.663994,69585.5,22.29888105,0.754418415,34,178,2009,6759,604,150,120,1.5
193.313,47,134.373,948,3534.499562,383078,32.61134065,0.773614076,284,1286.634557,72015.5,22.98711365,0.743659871,25,175,1830,5682,137,150,120,1.5
204.157,56,142.088,940,3039.830515,380774.5,24.26782665,0.761623399,264,1275.421354,72510,22.43414191,0.788290814,47,183,2114,8732,223,150,120,1.5
199.304,55,165.366,948,3535.81327,382815,32.65800839,0.766855688,268,1269.421354,70593,22.82705897,0.791281579,38,181,2206,7429,753,150,120,1.5
196.308,54,158.382,908,2851.587874,371268,21.90211224,0.757430157,260,1238.107646,71855,21.33338726,0.776306646,25,179,2165,5418,740,150,120,1.5
191.316,47,137.179,868,2829.788885,370904,21.58969742,0.773451469,232,1173.96551,63557,21.68439384,0.814290513,30,174,1920,6202,129,150,120,1.5
211.085,63,148.03,872,2951.68838,371048.5,23.48066167,0.773804999,276,1241.320849,71616.5,21.51567654,0.731921874,49,188,2389,8746,375,150,120,1.5
193.313,61,160.2,944,3297.043718,380253,28.5875385,0.761656268,220,1184.793937,61584,22.7938535,0.864839118,17,184,2712,4568,731,150,120,1.5
197.307,55,155.322,916,2880.173661,376029.5,22.06050407,0.763607736,264,1289.178713,74494.5,22.31012698,0.751304996,22,183,2428,5099,577,150,120,1.5
192.375,55,135.015,924,2982.416301,375079,23.71448947,0.757518923,224,1183.137083,64128,21.82842685,0.852066816,27,177,2350,5911,287,150,120,1.5
210.086,58,150.053,908,3008.315796,384967.5,23.50838429,0.772055454,256,1227.036578,72075.5,20.88946679,0.7578373,33,187,2331,6776,341,150,120,1.5
203.298,58,166.244,948,2995.286359,385204.5,23.29085037,0.756867639,232,1159.379724,62388.5,21.54501781,0.818140475,25,191,2246,5718,697,150,120,1.5
202.299,55,169.189,960,3102.842708,386269,24.92468427,0.71046627,288,1250.977703,70400.5,22.22917753,0.731015118,42,184,2294,8171,815,150,120,1.5
193.21,53,122.332,956,3164.600067,380645.5,26.30976482,0.755429957,228,1176.551297,63951.5,21.64566826,0.851381597,84,177,1893,12984,0,150,120,1.5
213.021,57,153.118,928,3060.558437,388338,24.12078639,0.725420043,272,1256.00714,72063.5,21.89116455,0.737971282,33,188,2092,6408,422,150,120,1.5
208.291,53,175.345,920,2973.185853,378965,23.32625472,0.723115303,232,1172.551297,64889.5,21.18796636,0.820715108,28,193,1951,6258,710,150,120,1.5
204.198,52,161.251,964,3049.77164,391490.5,23.75819351,0.738732832,280,1298.492422,70063.5,24.06506339,0.657656288,22,188,2166,5250,508,150,120,1.5
182.222,42,140.228,948,3022.256921,386477.5,23.63407158,0.720238076,252,1154.693432,63856.5,20.87989354,0.767569715,41,174,1887,7567,135,150,120,1.5
219.037,63,160.153,976,3090.700572,405305,23.56849787,0.747710762,276,1189.663994,65485.5,21.61242442,0.726004572,24,199,2338,5209,481,150,120,1.5
210.288,59,169.358,952,2957.386864,389314,22.46550872,0.771554048,260,1185.7645,64574,21.77404913,0.739138705,17,195,2455,4472,697,150,120,1.5
213.396,53,164.438,972,3074.801077,402047.5,23.51563352,0.770978973,256,1165.521859,64055.5,21.20725315,0.725195744,23,194,2098,5889,534,150,120,1.5
180.003,39,137.058,960,2913.97265,391867.5,21.6686421,0.796290138,304,1269.80613,67223.5,23.98577294,0.661196136,39,175,1747,7620,81,150,120,1.5
215.058,57,163.077,968,3025.386864,403272,22.69675474,0.752007651,272,1170.249781,64091,21.36781373,0.718700024,40,194,2262,8108,523,150,120,1.5
209.404,52,173.234,976,3042.357426,406050,22.79507132,0.769383919,312,1276.291411,69717.5,23.36457512,0.639443559,14,198,1926,4329,535,150,120,1.5
208.406,53,167.242,968,3021.002088,415043.5,21.98914961,0.7747356,236,1102.793937,56801,21.41079326,0.809052254,18,196,2178,5060,532,150,120,1.5
190.024,42,140.057,968,2998.558437,405721,22.16141807,0.763091378,272,1301.421354,70829,23.91248698,0.64871208,81,182,1756,14026,0,150,120,1.5
222.056,57,166.148,956,3240.499562,388553,27.02549565,0.740425896,240,1124.450791,60067,21.04965426,0.775842325,26,200,2264,5988,443,150,120,1.5
212.285,54,175.231,960,3161.671135,391520,25.53168258,0.737953409,320,1367.362479,69265,26.99314442,0.556131762,19,198,2068,4882,676,150,120,1.5
210.402,50,177.181,956,3079.286359,407290.5,23.28069149,0.733909607,236,1119.036578,59313.5,21.11227398,0.762185138,40,197,1837,8714,601,150,120,1.5
193.166,44,145.221,956,3321.327989,389737,28.30426572,0.697954002,288,1220.977703,65951.5,22.60428573,0.725069315,47,187,1930,9044,58,150,120,1.5
214.084,58,158.079,960,3048.558437,405960,22.89316323,0.760248181,224,1121.137083,59827,21.00971733,0.832175621,52,200,2427,10427,259,150,120,1.5
213.284,53,172.235,964,3005.97265,405297.5,22.29441725,0.736549491,300,1260.634557,71608.5,22.19288892,0.693594509,18,201,2222,5157,509,150,120,1.5
213.396,49,172.235,956,3083.872145,403280,23.58229371,0.757164302,240,1125.379724,61373.5,20.63560857,0.799050619,18,199,1804,5094,447,150,120,1.5
207.292,45,157.204,956,3176.014281,398124,25.33649494,0.709003484,332,1379.362479,72427,26.26977298,0.591123722,52,191,1686,10098,224,150,120,1.5
220.057,59,169.074,964,3085.286359,407011.5,23.3875257,0.740305964,240,1104.450791,56777,21.48425508,0.79124964,37,202,2333,7889,443,150,120,1.5
217.279,53,175.231,956,3270.256921,405973.5,26.3430503,0.714723671,272,1198.492422,66849.5,21.48683362,0.753131643,28,201,2027,6846,668,150,120,1.5
214.394,51,170.238,952,3054.943213,401423.5,23.24895786,0.766936042,252,1167.279218,64270,21.20026099,0.802388604,37,200,1984,8380,418,150,120,1.5
206.293,46,145.124,936,3026.215291,402564,22.74912557,0.714661014,260,1175.7645,65635,21.06227102,0.748435458,39,187,1821,8076,103,150,120,1.5
216.058,61,167.027,940,3023.528999,401907,22.74587805,0.787991959,240,1170.693432,63992.5,21.41693342,0.81198784,54,197,2399,10231,437,150,120,1.5
215.393,59,164.11,944,3086.984843,410831,23.19560944,0.692868514,236,1159.379724,64020.5,20.99579578,0.836378255,23,198,2479,5852,517,150,120,1.5
210.402,53,167.242,948,3121.428494,406611.5,23.962224,0.721296811,256,1195.7645,67125,21.30134434,0.766995786,37,196,2014,8184,440,150,120,1.5
209.344,44,155.322,948,3151.872145,413926,24.00017882,0.709509158,248,1139.865005,61079.5,21.27214907,0.769248385,49,192,1748,10062,134,150,120,1.5
222.056,67,151.03,948,3091.570629,393068.5,24.31588631,0.699930551,284,1214.735062,67814,21.7592425,0.721245278,36,199,2847,7582,357,150,120,1.5
218.387,57,164.305,964,3114.984843,404169,24.00760715,0.668192998,236,1133.622364,60506,21.23921041,0.812618749,34,201,2308,7801,299,150,120,1.5
211.4,56,166.244,948,3094.014281,405773,23.59182195,0.702777304,316,1246.977703,70762.5,21.97425743,0.672207142,34,199,2360,7850,395,150,120,1.5
216.453,51,163.248,956,3150.558437,418869,23.69719044,0.72786848,260,1139.379724,62062.5,20.91740028,0.781229879,38,194,2196,8438,347,150,120,1.5
215.084,68,153.082,944,3066.700572,396977,23.69067326,0.701765313,296,1222.634557,67355.5,22.19321748,0.692389591,25,201,3050,5827,331,150,120,1.5
219.276,54,169.239,956,3144.842708,413368,23.92549896,0.71414474,236,1133.279218,58395,21.99369444,0.814617877,39,201,2121,8703,404,150,120,1.5
213.284,51,172.105,960,3100.801077,411658.5,23.35665927,0.702142857,308,1252.634557,70256.5,22.33378169,0.675864896,39,198,2090,8669,552,150,120,1.5
210.466,51,163.248,940,3101.77164,409896.5,23.47174788,0.704183342,248,1150.107646,60667,21.80341201,0.770983162,36,193,2247,8172,416,150,120,1.5
224.056,60,165.148,936,3174.499562,404054,24.94084322,0.667483067,300,1236.04877,68897,22.17537139,0.671413371,42,202,2468,8724,420,150,120,1.5
213.396,53,170.238,944,3134.014281,399405,24.59169392,0.700412397,236,1125.865005,57510.5,22.04070577,0.807315991,32,200,2031,7474,466,150,120,1.5
212.398,54,166.364,936,3131.428494,403354.5,24.31073513,0.679173625,276,1241.906635,68904,22.38378164,0.775645848,31,198,2324,7388,403,150,120,1.5
216.453,50,163.196,956,3196.600067,405709.5,25.18612946,0.692279391,236,1178.450791,62944,22.06320329,0.828124404,28,196,2186,7026,353,150,120,1.5
229.079,63,169.239,940,3116.943213,409720.5,23.71210372,0.66087912,296,1269.462984,71520.5,22.53250841,0.735932044,39,209,2198,8289,463,150,120,1.5
219.386,56,170.188,936,3103.872145,405034,23.78571254,0.654491921,240,1156.693432,60759.5,22.0202552,0.81137752,25,204,2219,6382,450,150,120,1.5
215.455,53,171.237,936,3178.742202,396792.5,25.46520408,0.660509741,280,1243.906635,68135,22.70938162,0.777856269,45,197,2274,9616,498,150,120,1.5
213.338,51,160.253,944,3352.440687,402506,27.92221373,0.632401355,280,1258.492422,70239.5,22.54861118,0.768496186,39,192,2410,8720,310,150,120,1.5
223.081,60,162.197,940,3126.600067,407820.5,23.97041831,0.642399123,288,1264.391916,71162,22.46545794,0.736845164,47,200,2456,9448,267,150,120,1.5
215.393,54,167.192,928,3105.428494,386639.5,24.94232,0.5895456,276,1225.421354,67723,22.17352294,0.738322466,43,198,2092,9158,387,150,120,1.5
211.4,54,164.076,928,3128.600067,403679.5,24.24730109,0.589893132,252,1165.036578,65542.5,20.70885651,0.770831688,36,197,2362,8190,418,150,120,1.5
214.336,50,162.25,948,3226.943213,414213.5,25.13960192,0.670736052,248,1177.178713,63282.5,21.89783467,0.786562913,42,193,2302,9250,365,150,120,1.5
224.056,58,165.194,936,3230.499562,411622,25.35366773,0.605390857,220,1155.96551,61262,21.81215534,0.849253644,44,201,2302,8935,330,150,120,1.5
217.23,55,170.106,924,3380.440687,383844,29.77089452,0.458025342,288,1290.149276,74592.5,22.31437683,0.728018356,32,201,2334,7549,505,150,120,1.5
213.396,51,172.235,936,3281.671135,399272,26.97250355,0.580143058,228,1178.551297,63674.5,21.81380551,0.833398489,14,199,2076,4389,523,150,120,1.5
214.525,47,165.366,936,3207.428494,398912.5,25.789108,0.519935934,280,1231.906635,69737,21.7616754,0.741915052,44,190,2050,9401,429,150,120,1.5
220.057,60,163.11,932,3165.872145,401319,24.97451264,0.542441452,232,1153.379724,63435.5,20.97066764,0.825750054,44,203,2397,9022,367,150,120,1.5
217.279,55,170.294,948,3167.327989,395094,25.39134127,0.509925734,260,1202.936073,69053,20.955718,0.732299367,39,201,2160,8625,455,150,120,1.5
209.468,51,174.347,944,3306.742202,404432.5,27.0367589,0.574147776,236,1141.865005,60442.5,21.57183587,0.794701579,42,194,1989,8939,652,150,120,1.5
213.338,49,169.189,932,3192.256921,396868.5,25.67728165,0.569786483,300,1225.220343,68002,22.07530499,0.691691432,28,194,2132,6920,528,150,120,1.5
225.056,59,163.196,928,3198.499562,388826,26.3109963,0.547284239,244,1134.350286,58635.5,21.94490661,0.785835515,50,199,2118,9674,392,150,120,1.5
217.279,51,178.18,908,3174.499562,409394,24.61552311,0.613703905,268,1170.249781,63635,21.52093266,0.731275387,40,198,1979,8775,566,150,120,1.5
212.398,55,165.109,944,3259.81327,392337,27.0848341,0.542927431,236,1129.622364,60976,20.92703172,0.797528726,37,198,2523,8380,460,150,120,1.5
215.335,46,172.351,928,3210.842708,398827,25.84958113,0.477429626,304,1241.563489,68617,22.46498532,0.692121576,30,198,1964,7429,375,150,120,1.5
224.056,60,163.15,956,3278.641697,402804,26.68665499,0.573017994,256,1171.178713,62805.5,21.83980031,0.755329507,37,202,2371,7854,379,150,120,1.5
214.283,51,168.107,932,3193.671135,394900,25.82814717,0.459786898,268,1182.350286,65427.5,21.36643153,0.70719809,37,198,2129,8287,383,150,120,1.5
212.462,52,175.231,948,3257.227484,398254.5,26.64007784,0.523855525,264,1164.592927,63157,21.47468507,0.75361007,31,200,2011,7488,576,150,120,1.5
220.327,50,170.188,940,3555.310744,402396.5,31.41238675,0.540025792,264,1160.835567,62151.5,21.68152361,0.765994218,41,196,2257,9182,494,150,120,1.5
223.11,58,167.147,932,3247.872145,394450,26.74273918,0.511847809,260,1171.7645,65013,21.11934602,0.748952666,28,204,2302,6568,307,150,120,1.5
220.227,51,172.073,916,3240.884338,394483.5,26.62552753,0.48951495,256,1158.350286,63519.5,21.12383418,0.749477435,28,200,2096,6766,532,150,120,1.5
222.441,61,179.179,940,3611.168609,401010.5,32.51919518,0.439916159,248,1118.693432,59890.5,20.89605187,0.75031522,31,204,2596,7404,552,150,120,1.5
216.333,45,170.238,936,3260.641697,401145,26.50359416,0.480221116,236,1098.793937,58315,20.70390322,0.79336393,31,197,2081,7663,313,150,120,1.5
219.057,57,169.239,932,3282.256921,390991.5,27.55356701,0.547230505,296,1192.492422,65736.5,21.63239867,0.684705061,44,199,2204,8876,481,150,120,1.5
215.232,50,182.099,936,3236.156416,400412,26.15483139,0.461615769,236,1095.96551,58016,20.70360589,0.784516057,39,193,1875,8333,724,150,120,1.5
221.274,55,168.36,916,3184.842708,389996,26.00853104,0.503197891,280,1164.249781,63998,21.17999863,0.693738938,45,197,2099,9596,601,150,120,1.5
218.33,48,166.244,940,3278.055911,395892.5,27.14284952,0.543182722,236,1096.208151,57356.5,20.95093511,0.774308441,36,193,2183,8282,418,150,120,1.5
205.477,59,142.773,924,3232.541192,393468.5,26.55694816,0.401228961,264,1133.421354,60953,21.075976,0.719180519,53,182,4082,10273,269,150,120,1.5
212.151,49,172.186,920,3327.085348,407397.5,27.17124409,0.530786741,236,1088.208151,56292.5,21.0364965,0.794204846,20,199,1968,5360,387,150,120,1.5
215.455,54,174.233,908,3298.399057,383473.5,28.37076444,0.61123285,272,1187.663994,64778.5,21.77490624,0.769964363,46,198,2073,9665,617,150,120,1.5
222.441,51,165.366,936,3280.156416,394798,27.25299042,0.506919987,228,1109.379724,58057.5,21.19835286,0.829576689,43,195,2225,9266,391,150,120,1.5
225.08,59,160.153,920,4091.553385,413121,40.52277444,0.548144189,276,1201.078208,66188,21.79532335,0.764182789,59,202,2169,11239,294,150,120,1.5
223.224,54,182.176,928,3363.955405,397063,28.49974933,0.497950005,224,1146.066015,62885.5,20.88664814,0.848008788,42,197,2146,8823,650,150,120,1.5
216.453,52,173.234,936,3289.227484,395310.5,27.36840392,0.560986774,276,1238.249781,70837,21.64493866,0.778266594,13,195,2115,4360,597,150,120,1.5
218.33,52,168.19,932,3314.884338,395910.5,27.75490464,0.510224804,252,1166.208151,66021.5,20.59997805,0.781825359,49,195,2315,10400,421,150,120,1.5
228.079,62,163.15,908,3216.742202,390401.5,26.50458668,0.503663621,280,1202.492422,67819.5,21.32112481,0.719003578,40,204,2327,8383,370,150,120,1.5
219.146,53,168.107,956,3363.026473,403052.5,28.06072921,0.558199258,260,1145.521859,61629.5,21.29208138,0.77267259,42,201,2037,8952,359,150,120,1.5
210.402,58,167.192,896,3208.156416,393490,26.15636379,0.450699484,268,1186.835567,64418.5,21.8660581,0.767644803,18,194,2503,5001,745,150,120,1.5
217.451,55,162.197,928,3323.369619,400947.5,27.54671279,0.499643493,260,1195.7645,67125,21.30134434,0.763137263,39,197,2550,8880,453,150,120,1.5
228.14,67,155.116,892,3292.055911,401489.5,26.99356302,0.462565288,272,1204.592927,67613,21.46102257,0.74921604,26,209,2558,6076,215,150,120,1.5
226.268,55,177.102,916,3308.641697,398805,27.44978092,0.514897832,252,1173.178713,63536.5,21.6623247,0.800285604,35,205,2163,8093,430,150,120,1.5
218.387,57,170.238,916,3424.582822,407008,28.8145872,0.646959121,236,1145.036578,61760.5,21.22892082,0.819002624,37,202,2336,8414,466,150,120,1.5
216.28,52,168.36,932,3338.783833,395336,28.19747627,0.561419256,292,1212.149276,67311.5,21.82845229,0.717709804,36,197,2281,8238,467,150,120,1.5
231.078,64,170.238,928,3377.369619,399084.5,28.58198087,0.566561562,248,1129.865005,59536.5,21.44222333,0.790329339,50,213,2291,10224,315,150,120,1.5
226.179,58,169.106,936,3388.298551,404634,28.37271972,0.517745071,260,1193.178713,64690.5,22.00748861,0.79989933,45,207,2283,9757,326,150,120,1.5
223.379,56,172.235,940,3493.511754,401752.5,30.37846529,0.546530371,224,1182.551297,63132.5,22.15067626,0.870321995,36,206,2214,8426,465,150,120,1.5
220.445,53,176.23,912,3381.712765,396081.5,28.87279821,0.603774994,296,1268.149276,72023.5,22.32885913,0.750132175,41,202,2180,9339,383,150,120,1.5
232.078,64,162.197,936,3411.126978,403267,28.85380471,0.514257495,236,1172.793937,62466,22.0191083,0.848110391,37,207,2531,8015,308,150,120,1.5
233.26,51,184.068,904,3292.641697,395729,27.39624679,0.486108547,304,1257.220343,68214,23.17124039,0.723452354,25,213,1916,6419,364,150,120,1.5
218.387,51,181.334,944,3455.61226,402322,29.68084293,0.514615459,228,1189.622364,63358,22.33658527,0.855222987,42,200,2143,9284,702,150,120,1.5
220.275,53,172.351,908,3351.61226,393302,28.56152458,0.555474634,284,1257.563489,70097,22.56110717,0.751991815,40,203,2388,9155,370,150,120,1.5
227.079,58,171.187,952,3469.026473,404727.5,29.73394363,0.528326256,232,1165.036578,62290.5,21.79000374,0.833943992,28,210,2197,6568,286,150,120,1.5
229.14,55,176.026,896,3346.298551,393171,28.48051864,0.576063938,276,1243.906635,68795,22.49151416,0.781267099,37,209,2243,8311,386,150,120,1.5
221.382,55,174.233,928,3500.825463,397898.5,30.80126947,0.566933563,232,1158.450791,60506,22.17975467,0.834327377,37,205,2280,8591,541,150,120,1.5
223.323,50,177.229,928,3505.310744,398797.5,30.81063299,0.583313354,248,1225.7645,67326,22.31676631,0.834808435,44,204,2288,10138,379,150,120,1.5
234.077,64,167.192,952,3515.754395,407526,30.33065121,0.553992578,252,1233.7645,67322,22.61036274,0.822470609,42,211,2561,8955,403,150,120,1.5
233.137,49,176.071,904,3329.8549,395713.5,28.02010459,0.562592625,272,1267.906635,70823,22.69866054,0.796267693,28,210,1760,6720,279,150,120,1.5
226.433,52,177.341,960,3544.139171,407130.5,30.8523249,0.548707842,244,1169.521859,61989.5,22.06472675,0.824974591,39,206,2140,9044,486,150,120,1.5
220.384,52,176.182,916,3416.925968,409315,28.52420036,0.584135107,252,1212.592927,65713,22.37581005,0.823327482,42,193,2236,8970,672,150,120,1.5
231.138,62,164.195,972,3581.69552,394274,32.53712595,0.445355691,264,1232.350286,69926.5,21.71833608,0.807738794,28,210,2020,6417,275,150,120,1.5
229.14,51,174.233,916,3443.61226,400960,29.57518305,0.584123486,264,1231.421354,65068,23.30482804,0.811101301,45,211,1678,9584,238,150,120,1.5
220.384,55,176.343,908,3379.269114,400549,28.50952004,0.598575992,288,1254.492422,72341.5,21.75447337,0.755796238,45,203,2180,9823,540,150,120,1.5
222.324,53,174.233,940,3529.997036,413951.5,30.10226819,0.622032332,244,1173.521859,60307.5,22.83552715,0.828038473,38,201,2165,8758,480,150,120,1.5
234.137,59,169.239,896,3328.541192,391164.5,28.32359906,0.514842686,260,1208.00714,65907.5,22.14135343,0.808450889,34,210,1828,7512,356,150,120,1.5
222.11,49,170.294,924,3436.298551,411342,28.70639938,0.514632361,220,1179.72287,63073.5,22.06546408,0.876394945,31,205,1522,6942,234,150,120,1.5
216.391,56,177.229,928,3412.440687,413072,28.19060948,0.522083349,288,1269.563489,73703,21.86873605,0.736427405,20,202,2192,5527,715,150,120,1.5
214.283,51,169.189,928,3416.440687,414498,28.15952542,0.554432349,252,1225.7645,66510,22.59056696,0.826537309,40,197,2324,8961,471,150,120,1.5
235.213,67,164.195,908,3459.126978,406243,29.45419232,0.591870104,280,1235.421354,70490,21.65223325,0.751185691,31,212,2533,7016,355,150,120,1.5
224.143,54,164.027,928,3444.783833,408219,29.06904297,0.54840606,216,1172.308656,62153,22.11168544,0.875218802,25,206,1930,5888,260,150,120,1.5
226.374,57,176.182,900,3492.340181,386057.5,31.59228857,0.596619535,280,1291.563489,75684,22.04080448,0.755799225,36,207,2426,8457,555,150,120,1.5
220.445,52,172.235,964,3593.89653,406553,31.76976254,0.480184518,236,1177.622364,63220,21.93600811,0.825556954,39,199,2362,9057,468,150,120,1.5
229.218,65,167.192,932,3489.269114,403926,30.14165701,0.608576347,260,1262.835567,70908.5,22.49030328,0.819616618,48,209,2390,9783,406,150,120,1.5
228.107,58,159.113,964,3588.825463,407718.5,31.5896095,0.506506904,236,1200.450791,64985,22.17561133,0.833635667,28,210,2236,6465,176,150,120,1.5
228.316,58,180.225,928,3499.026473,404352.5,30.27849775,0.597417003,272,1249.663994,70243.5,22.23209406,0.76323475,30,212,2377,7667,445,150,120,1.5
228.37,52,171.292,944,3605.068103,407867,31.86459319,0.551682039,228,1171.865005,62299.5,22.04299536,0.829469523,36,208,2168,8610,287,150,120,1.5
236.256,67,165.194,928,3371.369619,408507.5,27.82356042,0.542950059,232,1203.279218,64384,22.48820945,0.851847511,39,213,2673,8539,348,150,120,1.5
227.22,57,161.003,932,3523.8549,404364.5,30.70881187,0.600738599,228,1147.622364,59479,22.1428923,0.831171344,43,211,2010,9550,123,150,120,1.5
225.375,55,183.33,932,3521.61226,404461,30.66241963,0.616095142,260,1251.178713,70505.5,22.20320645,0.813405832,11,217,2113,3948,346,150,120,1.5
223.271,47,176.23,936,3517.511754,407296.5,30.37808806,0.597418207,212,1190.551297,62396.5,22.71621629,0.877735403,39,203,2122,9062,310,150,120,1.5
232.261,58,165.194,932,3531.61226,410852,30.3571241,0.626357611,284,1276.149276,73075.5,22.28595047,0.744990553,53,203,2098,10489,333,150,120,1.5
226.08,55,152.03,944,3567.269114,404127,31.4886383,0.566018611,244,1203.279218,65872,21.98021735,0.824077277,53,204,1837,10207,76,150,120,1.5
221.443,56,171.292,936,3589.511754,410680.5,31.37376777,0.573153245,276,1248.149276,69681.5,22.35710503,0.7649021,43,204,2381,9556,423,150,120,1.5
216.28,50,172.235,928,3557.026473,407863.5,31.02125425,0.623007519,220,1153.137083,60867,21.84640499,0.856651366,42,198,2250,9321,497,150,120,1.5
225.222,60,161.112,928,3497.955405,414228,29.53854404,0.54551045,288,1257.563489,70349,22.48029012,0.73892153,48,204,2126,9702,312,150,120,1.5
212.085,54,153.029,912,3461.026473,398971.5,30.02395973,0.541382152,244,1183.865005,64153.5,21.84660774,0.822437572,50,200,1897,9554,136,150,120,1.5
216.391,54,179.226,948,3582.340181,415940.5,30.85335805,0.567861874,284,1267.563489,70992,22.63236983,0.750964312,40,200,2006,8815,550,150,120,1.5
223.379,53,171.353,908,3519.168609,405712.5,30.52542797,0.617387695,220,1179.137083,63470,21.90584939,0.854950821,43,198,2200,9338,447,150,120,1.5
229.218,63,161.199,928,3557.269114,410204,30.84846454,0.600044576,288,1289.906635,74436,22.35288203,0.746467322,28,206,2747,6639,250,150,120,1.5
218.147,58,157.029,916,3410.198046,404732.5,28.73367153,0.611271302,244,1175.279218,62406,22.13378908,0.813859459,47,204,2237,9709,221,150,120,1.5
219.447,56,169.358,940,3654.825463,413205.5,32.32713302,0.594542361,276,1240.00714,68015.5,22.60687208,0.763153446,34,204,2254,8044,422,150,120,1.5
218.387,57,170.238,904,3406.440687,402791,28.80858349,0.570829781,268,1224.00714,67627.5,22.15361324,0.771580302,36,202,2541,8371,401,150,120,1.5
233.26,63,164.049,932,3576.340181,410651.5,31.14613996,0.614794671,260,1230.835567,67636.5,22.39850072,0.804419016,36,209,2665,8189,277,150,120,1.5
223.081,57,163.028,928,3446.097541,405220,29.30652056,0.636853302,268,1246.00714,71816.5,21.6180654,0.752797179,44,205,2319,9142,288,150,120,1.5
222.38,60,175.411,928,3575.511754,411455.5,31.07087961,0.596957669,268,1251.663994,69354.5,22.5892012,0.761635624,26,209,2510,6806,564,150,120,1.5
224.321,57,173.289,908,3416.783833,404141,28.88697697,0.595946491,268,1224.00714,66523.5,22.52126661,0.787700082,36,205,2481,8685,528,150,120,1.5
232.261,62,167.108,904,3551.511754,400643.5,31.48244198,0.568923804,212,1162.894442,61101.5,22.13241057,0.875100693,44,210,2728,9717,305,150,120,1.5
220.111,56,161.012,924,3404.097541,407845,28.41246078,0.523869614,276,1268.350286,74648.5,21.55049932,0.756124403,46,205,2553,9985,192,150,120,1.5
225.269,57,176.182,920,3491.269114,397121,30.6933152,0.567978015,224,1153.96551,60219,22.1132267,0.846073253,20,211,2626,5768,423,150,120,1.5
228.37,46,179.547,932,3487.411249,408969,29.73828633,0.619644558,272,1230.249781,68537,22.08317439,0.763634376,37,208,1904,8874,287,150,120,1.5
232.215,60,166.193,908,3432.198046,399729.5,29.46988758,0.592989449,224,1184.793937,63720,22.02976575,0.851468154,44,213,2527,9830,221,150,120,1.5
216.148,55,159.003,924,3426.925968,412850,28.44573475,0.545094789,284,1253.663994,73193.5,21.47285498,0.720535622,30,206,2576,7275,151,150,120,1.5
229.428,55,179.226,924,3491.168609,413310.5,29.48935063,0.568680099,228,1170.450791,61988,22.10032676,0.83117761,31,214,2475,7775,406,150,120,1.5
229.369,53,176.182,932,3509.61226,417151,29.52738508,0.556475881,284,1243.563489,70728,21.86475161,0.70260459,31,209,2268,7717,471,150,120,1.5
232.261,61,167.299,952,3539.511754,423545.5,29.57921512,0.509014672,232,1167.036578,62577.5,21.76460188,0.820835649,48,216,2648,10634,209,150,120,1.5
220.145,50,167.048,928,3544.783833,416053,30.20166282,0.536086094,284,1223.663994,69464.5,21.55566615,0.679677999,34,208,2210,7666,218,150,120,1.5
230.217,53,184.22,920,3514.541192,406239.5,30.40570843,0.634319556,216,1104.308656,57495,21.21049844,0.83158177,21,217,2289,5898,380,150,120,1.5
216.333,38,182.176,932,3569.8549,414517.5,30.7438504,0.537439333,260,1249.421354,70279,22.21223579,0.798842865,18,201,2129,5379,344,150,120,1.5
228.265,60,165.303,940,3439.61226,417330,28.34910621,0.547691796,236,1145.379724,60919.5,21.53488967,0.816742908,34,212,2785,8189,281,150,120,1.5
214.149,41,171.073,924,3565.61226,418263,30.3961641,0.564176816,252,1216.592927,65603,22.56144307,0.807160871,33,201,1891,7733,256,150,120,1.5
233.26,58,187.096,900,3399.712765,411168.5,28.11024406,0.547158988,252,1200.208151,66736.5,21.58488391,0.811556376,23,218,2524,6268,566,150,120,1.5
224.377,50,177.229,924,3552.925968,410135,30.77836062,0.595838727,264,1218.936073,67269,22.08751652,0.785358168,40,205,2375,9384,479,150,120,1.5
223.143,47,164.11,912,3409.955405,413036,28.15201548,0.616975419,240,1175.622364,65045,21.24818116,0.817558028,50,197,2389,10402,251,150,120,1.5
217.147,49,161.078,924,3563.269114,420305,30.2087455,0.531596959,252,1226.350286,66221.5,22.7106759,0.817720557,48,202,2331,10473,130,150,120,1.5
224.377,55,177.181,924,3430.783833,422914,27.831374,0.571628034,272,1206.835567,67684.5,21.5182514,0.736256594,34,207,2254,8102,567,150,120,1.5
223.379,54,182.222,932,3595.997036,418118.5,30.92710483,0.57377869,252,1183.521859,63386.5,22.09814378,0.798299821,34,203,1998,7957,617,150,120,1.5
232.422,63,157.115,924,3445.126978,424118,27.98490019,0.563871565,288,1252.735062,71167,22.05158481,0.719411767,47,205,2652,10143,290,150,120,1.5
221.145,55,151.162,932,3500.097541,414625,29.54641615,0.554522507,220,1149.137083,60281,21.90600746,0.855056098,56,203,2328,11429,43,150,120,1.5
221.226,57,182.275,924,3481.61226,417393,29.04127268,0.597299743,276,1237.078208,70070,21.84048084,0.742233143,46,206,2345,10170,538,150,120,1.5
225.435,51,171.237,936,3527.269114,421103,29.54533072,0.570812449,232,1170.450791,60560,22.62145071,0.839566391,25,206,2044,6712,295,150,120,1.5
228.37,61,160.112,928,3482.298551,426835,28.41004885,0.530234721,284,1262.735062,73286,21.7572229,0.72235507,47,205,2773,10368,265,150,120,1.5
219.082,52,150.12,920,3507.126978,416791,29.51104905,0.50902869,220,1171.379724,62730.5,21.87341815,0.853342818,52,199,2314,10337,68,150,120,1.5
226.374,58,177.181,928,3542.783833,422318,29.72006233,0.558417137,272,1245.906635,72046,21.54572555,0.749779337,34,213,2394,8308,448,150,120,1.5
228.37,53,181.135,928,3534.198046,423942.5,29.46285364,0.505990073,216,1146.551297,60438.5,21.75070321,0.845967491,37,209,2201,8819,540,150,120,1.5
228.37,62,159.113,928,3559.126978,430157,29.44828248,0.496303957,280,1234.249781,70323,21.6625076,0.717017018,54,210,2616,11623,181,150,120,1.5
223.182,57,154.117,908,3474.399057,420453.5,28.71054422,0.546692752,224,1137.379724,58739.5,22.02321497,0.832356201,55,207,2522,11467,88,150,120,1.5
231.262,55,181.177,924,3580.055911,420089.5,30.50968978,0.441304078,248,1204.936073,65632,22.12138803,0.809614663,39,212,2111,9170,498,150,120,1.5
224.377,50,180.225,924,3487.61226,411150,29.5839457,0.538471812,228,1180.308656,65545,21.25453541,0.846125868,34,210,2130,8353,339,150,120,1.5
231.424,60,150.213,932,3631.61226,420522,31.36246761,0.540644951,288,1290.492422,76631.5,21.73219485,0.736838436,29,212,2695,7672,14,150,120,1.5
229.264,58,163.11,928,3543.369619,421249.5,29.80530127,0.530912775,248,1170.693432,61172.5,22.40423575,0.793161646,24,214,2507,6073,203,150,120,1.5
231.366,55,194.165,932,3689.8549,422257.5,32.24342773,0.565776316,260,1222.350286,65035.5,22.97422518,0.792945225,21,218,2217,5882,502,150,120,1.5
233.26,49,181.135,916,3542.198046,422126.5,29.72371315,0.590479952,276,1233.421354,68235,22.2954237,0.751111063,37,210,1918,8831,414,150,120,1.5
227.266,53,160.2,932,3752.541192,417124.5,33.75866293,0.571751008,272,1224.835567,69151.5,21.6947162,0.746448498,61,207,2324,12651,80,150,120,1.5
235.257,57,168.012,916,3378.055911,415570.5,27.45926801,0.446991343,272,1205.663994,65273.5,22.26976748,0.735773523,33,214,2428,8022,217,150,120,1.5
236.415,59,179.07,940,3545.269114,420386,29.89855297,0.442271553,228,1129.96551,60147,21.22835809,0.821008445,19,221,2495,5708,365,150,120,1.5
234.258,53,177.181,924,3426.298551,421847,27.82886156,0.488754903,284,1229.078208,70398,21.45846816,0.704833563,20,218,2317,5753,178,150,120,1.5
225.375,50,155.261,924,3503.227484,416575.5,29.46069272,0.372165928,220,1171.96551,62478,21.9837888,0.852594671,87,207,2044,16718,0,150,120,1.5
234.137,57,173.072,920,3351.369619,414925.5,27.06914452,0.391336032,264,1247.178713,73279.5,21.22632855,0.777983985,58,216,2306,12018,250,150,120,1.5
235.213,55,184.174,936,3477.511754,414384.5,29.18325372,0.408692118,228,1205.279218,64143,22.64780248,0.840436525,15,221,2322,4753,405,150,120,1.5
241.466,50,191.377,932,3483.61226,421712,28.77687705,0.50023216,268,1228.249781,67830,22.24085986,0.767747532,35,218,2116,8847,388,150,120,1.5
227.372,48,165.194,940,3429.026473,422939.5,27.80119273,0.268796978,212,1150.066015,60879.5,21.72573427,0.871169602,53,210,2096,11878,60,150,120,1.5
232.175,55,181.044,928,3403.8549,420732.5,27.53822959,0.433764406,280,1246.249781,74409,20.87299273,0.73408803,13,219,2202,4165,338,150,120,1.5
238.411,51,189.13,924,3428.055911,418053.5,28.1101996,0.430642407,236,1152.793937,59416,22.36659926,0.826608169,23,221,2099,6272,389,150,120,1.5
234.418,52,185.173,944,3369.470124,422079,26.89858751,0.207297611,268,1229.421354,69401,21.77889173,0.765992285,17,220,2164,5315,402,150,120,1.5
232.261,49,174.103,904,3331.227484,405825.5,27.34445358,0.461556682,220,1125.480229,60592,20.90549488,0.83532709,34,213,2103,8295,257,150,120,1.5
246.073,63,183.068,932,3333.712765,416757.5,26.66692453,0.323007941,288,1258.149276,72964.5,21.69465425,0.69510893,28,226,2394,6508,404,150,120,1.5
244.346,53,193.166,928,3318.298551,417173,26.39457797,0.391150857,228,1143.379724,62216.5,21.01238727,0.810859658,26,227,2059,6809,323,150,120,1.5
236.305,50,185.132,944,3377.369619,426024.5,26.77457645,0.446286434,276,1236.492422,70646.5,21.64174458,0.73192903,30,220,2205,7825,290,150,120,1.5
227.431,50,166.193,912,3302.984843,420071,25.97110696,0.203565657,248,1181.521859,65163.5,21.42294234,0.788389657,37,211,2306,9316,159,150,120,1.5
244.074,57,190.168,928,3303.126978,417193,26.15251894,0.26760722,264,1214.835567,68904.5,21.41841905,0.75590913,42,223,2186,9492,507,150,120,1.5
238.254,57,188.066,920,3328.399057,422170.5,26.24115205,0.204518045,244,1174.693432,63222.5,21.82616409,0.798344491,14,227,2471,4422,433,150,120,1.5
239.41,57,182.135,920,3280.641697,417959,25.75039644,0.380176358,252,1221.521859,65431.5,22.80424035,0.806907453,17,225,2640,5256,367,150,120,1.5
222.38,26,192.208,916,3264.055911,417523.5,25.51727265,0.24030093,272,1220.592927,69525,21.42894057,0.742550634,36,211,819,9318,62,150,120,1.5
244.074,61,183.221,928,3276.298551,417770,25.69387988,0.350465044,248,1188.693432,66263.5,21.32383703,0.783804721,19,228,2281,5025,479,150,120,1.5
246.343,56,188.13,908,3266.399057,417017.5,25.5849282,0.133195104,260,1203.7645,67817,21.36704618,0.762277167,18,232,2299,5164,299,150,120,1.5
244.401,51,187.323,924,3256.399057,419938.5,25.2516376,0.342230213,220,1153.96551,60927,21.85626075,0.853373944,21,228,2041,5842,275,150,120,1.5
222.02,43,167.147,920,3309.227484,420740.5,26.02788783,0.268843564,284,1241.078208,72600,21.21591072,0.69712783,48,207,1969,10675,50,150,120,1.5
246.051,58,192.128,924,3335.712765,415484.5,26.78073346,0.40270784,228,1148.793937,61026,21.62565972,0.832159801,20,228,2533,5181,506,150,120,1.5
247.245,51,197.124,904,3431.8549,409294.5,28.7754369,0.175991448,272,1218.249781,70079,21.17799239,0.724893721,26,232,1972,6765,362,150,120,1.5
244.401,55,186.132,932,3347.712765,423506.5,26.46283057,0.268303193,220,1153.96551,60687,21.94269611,0.843757743,21,231,2284,5769,238,150,120,1.5
222.081,20,192.634,928,3308.783833,428483,25.55072302,0.279939727,288,1270.149276,71734.5,22.48958566,0.727159277,77,208,507,15291,1,150,120,1.5
245.051,56,192.167,940,3365.712765,424709.5,26.67240176,0.381319425,216,1134.551297,59544.5,21.61755737,0.846620141,22,229,2442,5595,406,150,120,1.5
256.33,54,197.162,920,3249.955405,425116,24.84547779,0.293446267,276,1253.320849,71214.5,22.05749039,0.752034864,34,238,1938,8349,230,150,120,1.5
245.345,53,193.166,928,3291.369619,425719.5,25.44660033,0.323459615,220,1153.379724,60519.5,21.98109348,0.846680806,18,233,2207,5187,251,150,120,1.5
214,20,195.921,928,3258.541192,421235.5,25.20701769,0.303989335,272,1239.906635,69409,22.14941094,0.758129424,28,211,709,7181,39,150,120,1.5
241.075,47,208.195,916,3237.570629,420415.5,24.93215303,0.213951929,228,1160.208151,62244.5,21.62573325,0.827462826,19,225,1523,5185,639,150,120,1.5
243.347,48,195.208,928,3267.955405,422575,25.27251383,0.367656354,264,1241.078208,70152,21.95625382,0.761309658,25,227,2104,6595,406,150,120,1.5
237.255,49,189.169,928,3288.399057,430806.5,25.10075488,0.253253437,232,1145.379724,62011.5,21.15566808,0.809362475,28,218,2112,7242,476,150,120,1.5
217.187,44,173.185,980,3459.8549,430532.5,27.80416329,0.342904977,236,1192.208151,66176.5,21.47832349,0.836209789,42,206,1749,9245,159,150,120,1.5
235.172,45,200.202,936,3320.984843,431522,25.55823417,0.318823379,224,1202.208151,65343.5,22.11856478,0.858541958,16,219,1418,4973,687,150,120,1.5
233.26,50,190.066,928,3237.227484,423968.5,24.71797263,0.460308499,224,1155.96551,60890,21.94541404,0.840755298,20,219,2122,5644,466,150,120,1.5
235.417,52,188.066,932,3222.156416,426927,24.31865862,0.268891326,288,1252.149276,68851.5,22.77187583,0.717262004,15,222,2286,4696,406,150,120,1.5
222.38,33,188.247,912,3172.256921,415202.5,24.23688194,0.502989167,212,1131.137083,57998,22.06060727,0.858941744,51,212,1126,11611,103,150,120,1.5
235.019,44,198.305,920,3248.842708,426072,24.77275892,0.110317934,280,1256.492422,70924.5,22.25991308,0.749448272,27,217,1642,6149,729,150,120,1.5
233.362,49,198.162,1020,3561.89653,438849,28.90995967,0.47173821,244,1183.622364,62869,22.28382671,0.816870112,14,220,2039,4460,638,150,120,1.5
237.304,48,191.212,948,3270.842708,440665,24.27788006,0.367487607,284,1241.320849,72420.5,21.27681318,0.686146038,27,219,2119,7249,457,150,120,1.5
225.269,36,176.23,920,3342.842708,423997,26.35536895,0.508301828,232,1133.137083,61333,20.93489066,0.814905579,58,211,1436,12726,27,150,120,1.5
232.054,48,198.162,948,3294.884338,427192.5,25.41304634,0.420802885,276,1218.492422,68375.5,21.7142658,0.715886663,23,218,2018,5803,747,150,120,1.5
237.356,45,203.199,944,3476.641697,432657,27.93676628,0.439209619,220,1092.308656,57165,20.87183066,0.821533948,15,225,1663,4603,483,150,120,1.5
243.403,50,195.164,916,3192.256921,427000.5,23.86532159,0.449413346,252,1193.7645,65122,21.88313751,0.787129498,51,226,2130,11708,353,150,120,1.5
232.422,41,181.334,908,3253.185853,429045,24.66691885,0.473547011,232,1169.036578,62324.5,21.92791792,0.828335041,52,216,1716,11829,125,150,120,1.5
242.074,53,193.166,928,3274.256921,430475.5,24.90445655,0.460092146,268,1233.663994,70263.5,21.66027669,0.754870611,19,222,1965,4975,572,150,120,1.5
236.256,48,199.161,936,3257.671135,434096,24.44717579,0.40892961,240,1145.036578,61712.5,21.24543268,0.790461205,36,223,1892,8782,552,150,120,1.5
243.403,49,188.322,988,3377.470124,431183,26.45583068,0.477362718,260,1208.00714,65739.5,22.19793657,0.768671319,34,225,1872,8430,262,150,120,1.5
235.359,47,185.173,944,3248.256921,432720.5,24.38334451,0.390396691,248,1199.865005,68201.5,21.10915493,0.784238284,21,221,2042,5880,206,150,120,1.5
238.076,50,199.203,928,3325.570629,430235.5,25.70550318,0.417267726,268,1214.00714,69396.5,21.23757447,0.716531527,22,220,1697,5537,574,150,120,1.5
243.347,51,194.165,920,3227.913775,431447.5,24.14993097,0.346342049,264,1186.00714,64730.5,21.73029618,0.751544347,20,223,1892,5669,657,150,120,1.5
235.359,49,192.167,1016,3556.925968,430737,29.3722674,0.465841419,248,1176.249781,60044,23.04249462,0.78344688,23,221,2076,6242,488,150,120,1.5
234.361,54,180.178,932,3281.185853,424975,25.33367988,0.367362791,260,1227.421354,69198,21.77177346,0.77406982,17,220,2508,5128,323,150,120,1.5
237.076,49,202.2,952,3283.227484,427725.5,25.20210441,0.499097516,212,1158.551297,59604.5,22.51912367,0.865108579,18,224,1590,4925,460,150,120,1.5
241.251,54,192.094,936,3302.399057,434459.5,25.10208553,0.209593293,280,1252.249781,74226,21.12641815,0.716721351,26,227,2154,6843,492,150,120,1.5
240.352,49,196.207,920,3229.428494,426801.5,24.43573511,0.399436257,228,1154.308656,62402,21.35233604,0.835928888,25,224,1977,6655,479,150,120,1.5
234.418,46,189.214,920,3265.286359,433597.5,24.58984428,0.302737536,280,1232.492422,69496.5,21.85775642,0.722470839,17,220,1874,5109,343,150,120,1.5
246.13,57,198.204,1012,3673.068103,441277,30.57360636,0.508962962,224,1131.96551,59354,21.5881982,0.828314489,22,227,1968,5587,734,150,120,1.5
245.247,52,199.09,988,3494.298551,435085,28.06376309,0.490925826,256,1213.178713,67464.5,21.81595639,0.792145757,20,231,2013,5601,447,150,120,1.5
243.463,50,194.209,1008,3456.097541,440267,27.13037818,0.462992241,208,1168.308656,61795,22.08827762,0.878935624,22,228,2004,6223,440,150,120,1.5
231.262,46,185.219,984,3389.955405,438030,26.23518401,0.538048819,288,1266.492422,72587.5,22.09751064,0.730293402,18,217,2228,5261,401,150,120,1.5
245.073,51,204.198,936,3274.600067,432298.5,24.80463291,0.453866422,220,1122.308656,59202,21.27591499,0.836770097,19,228,1490,4962,674,150,120,1.5
245.247,54,196.207,968,3396.884338,438349.5,26.32334063,0.473588748,280,1255.906635,70109,22.49784587,0.744500189,15,229,2138,4603,457,150,120,1.5
245.345,54,187.171,980,3406.055911,436136.5,26.59996782,0.475861415,224,1131.137083,60566,21.12523694,0.83214751,23,228,2177,6224,229,150,120,1.5
234.418,45,186.325,956,3326.499562,437170,25.31189088,0.446729018,284,1269.320849,70762.5,22.76877466,0.714978101,28,219,1977,7402,234,150,120,1.5
240.075,56,200.16,956,3339.185853,436466,25.54646219,0.445159096,236,1162.450791,63480,21.28689103,0.797005033,22,225,1968,5558,603,150,120,1.5
244.205,55,196.125,972,3402.884338,438334.5,26.41731786,0.417784707,264,1204.00714,69137.5,20.96739387,0.74257809,34,229,2254,8363,480,150,120,1.5
245.345,53,198.204,924,3267.528999,432577,24.68172316,0.358385027,260,1181.521859,65895.5,21.18496564,0.750709586,20,228,2079,5631,420,150,120,1.5
238.355,53,184.098,1004,3452.239676,443247,26.88784985,0.549528353,264,1220.492422,67342.5,22.11978692,0.764669944,23,223,2293,6253,326,150,120,1.5
245.051,56,198.204,904,3239.671135,424085,24.74850339,0.278936572,256,1186.936073,66373,21.22575807,0.754613031,28,227,1941,6670,750,150,120,1.5
243.249,53,196.163,992,3514.440687,450041,27.44481801,0.510114967,236,1193.521859,63981.5,22.26416117,0.8132696,15,230,2038,4531,386,150,120,1.5
241.35,52,197.205,968,3586.783833,434200,29.62924519,0.358442439,264,1246.592927,74972,20.72765733,0.760602685,18,228,2214,5215,507,150,120,1.5
237.413,49,189.214,1016,3727.553385,443483,31.33074827,0.517838062,240,1212.693432,66407.5,22.14547092,0.821262876,18,225,2042,5239,213,150,120,1.5
239.102,55,198.162,940,3294.984843,431967,25.13369104,0.351045805,264,1225.663994,69307.5,21.67517552,0.772579449,21,225,2005,5567,781,150,120,1.5
248.202,34,217.279,1008,3737.65389,442108.5,31.5987062,0.425540329,220,1165.72287,63080.5,21.54247047,0.859579557,34,231,807,8276,364,150,120,1.5
242.25,54,191.212,960,3441.227484,438854.5,26.98399263,0.445443113,296,1270.04877,73680,21.89228935,0.680500561,34,228,2507,8393,300,150,120,1.5
240.352,52,190.095,1020,3777.411249,449024,31.77744563,0.507061951,224,1153.137083,61755,21.53226674,0.846999688,20,228,2255,5613,290,150,120,1.5
246.073,60,204.245,1004,3532.925968,448509,27.82901992,0.42112116,296,1277.078208,76182,21.40832151,0.689928597,22,231,2204,5549,699,150,120,1.5
246.246,55,197.205,1024,3541.026473,450603.5,27.82683331,0.55826865,236,1177.96551,65703,21.11932093,0.819509576,20,232,2175,5457,432,150,120,1.5
243.249,56,192.167,1020,3671.89653,446690,30.18385039,0.45278274,296,1289.220343,73826,22.51360081,0.709272748,21,228,2347,5821,406,150,120,1.5
238.254,54,182.135,1032,3558.340181,456980.5,27.70749484,0.510481026,220,1154.066015,63301.5,21.04007595,0.852409025,25,225,2468,6619,281,150,120,1.5
240.133,49,203.199,984,3574.440687,447539,28.54863201,0.466615848,288,1271.906635,74889,21.60192402,0.709574072,19,226,1687,5574,653,150,120,1.5
242.207,28,218.826,1040,3648.281306,457984.5,29.06202391,0.493939135,236,1186.350286,61801.5,22.77334695,0.811812396,23,230,596,6023,433,150,120,1.5
247.342,56,194.165,988,3510.440687,445015,27.69163694,0.54508171,268,1240.249781,70008,21.97205347,0.76354445,29,233,2444,7392,370,150,120,1.5
239.253,49,189.32,968,3565.026473,442695.5,28.70915506,0.336541326,240,1194.793937,67279,21.21810004,0.804115208,21,226,2389,5797,297,150,120,1.5
245.073,57,201.201,1032,3541.553385,454976,27.56760879,0.507145608,272,1237.421354,73801,20.74784362,0.717741284,22,231,2036,5576,729,150,120,1.5
248.202,55,195.164,932,3381.61226,440579,25.95516689,0.450691285,264,1191.421354,65796,21.57402946,0.730619379,39,233,2441,9281,339,150,120,1.5
247.396,56,197.307,1036,3677.89653,452615,29.88615686,0.502910037,260,1214.592927,68712,21.46984483,0.760074831,45,235,2380,10738,313,150,120,1.5
238.302,50,190.263,960,3658.683327,439133.5,30.48267483,0.518348515,264,1208.835567,68031.5,21.47951212,0.736692936,17,227,2421,5209,265,150,120,1.5
253.097,65,203.199,972,3591.511754,463995.5,27.79974522,0.432430794,252,1206.592927,66316,21.95347263,0.781576823,21,236,2528,5563,943,150,120,1.5
250.242,57,200.202,1004,3773.310744,457715.5,31.1063837,0.467624277,276,1237.663994,71833.5,21.3244818,0.712332644,25,236,2312,6638,442,150,120,1.5
250.338,55,202.356,1044,3828.867093,480826,30.48966407,0.483561884,248,1218.350286,68265.5,21.74418146,0.798695694,15,236,2388,4583,439,150,120,1.5
241.299,52,188.17,1000,3721.068103,479089,28.90141045,0.43177282,292,1292.149276,77747.5,21.47528539,0.681958754,19,229,2480,5591,200,150,120,1.5
251.161,62,204.157,1044,3609.89653,483765,26.93736207,0.523151936,232,1164.208151,63166.5,21.45726957,0.809312869,25,233,2408,6395,688,150,120,1.5
250.2,54,199.161,936,3418.399057,454249.5,25.72474402,0.465855042,288,1258.149276,70660.5,22.40204357,0.709790804,18,237,2202,4959,409,150,120,1.5
247.396,51,199.361,1028,3589.796025,473780.5,27.19959032,0.560021665,220,1151.72287,61191.5,21.67728472,0.847572674,17,235,2140,4942,288,150,120,1.5
242.349,53,193.21,936,3738.925968,457274,30.57153346,0.291832839,300,1305.80613,74465.5,22.89825018,0.683653494,21,230,2487,5792,291,150,120,1.5
255.125,59,205.197,1072,3628.381812,485953,27.09141537,0.541478566,232,1182.208151,63313.5,22.07453563,0.831786231,23,235,2083,5766,666,150,120,1.5
249.201,34,203.246,1008,3630.340181,472604.5,27.88667868,0.54032083,264,1245.421354,71625,21.65548829,0.77264489,53,234,779,11918,271,150,120,1.5
249.339,54,197.205,1020,3560.340181,468163.5,27.07605827,0.558963081,220,1153.72287,61634.5,21.59628876,0.843056961,25,232,2229,6638,399,150,120,1.5
239.253,49,188.17,1016,3507.026473,475916.5,25.84326176,0.57043702,284,1251.320849,71419.5,21.92403848,0.718694563,32,220,2462,8073,377,150,120,1.5
248.163,55,201.201,1020,3546.097541,475010,26.47272219,0.570701188,240,1177.865005,62500.5,22.19767793,0.813057351,21,230,1796,5542,692,150,120,1.5
244.205,28,219.228,1032,3579.310744,484248.5,26.45638634,0.585997352,268,1275.663994,73842.5,22.03769681,0.798489041,32,226,594,7744,355,150,120,1.5
247.455,28,216.28,924,3313.81327,453726,24.20262094,0.435965887,244,1214.450791,67438,21.87032125,0.829112267,22,232,569,6076,254,150,120,1.5
243.347,25,218.229,1040,3661.411249,491682,27.26545274,0.563942389,284,1274.149276,72212.5,22.48165313,0.745224988,23,226,487,6155,295,150,120,1.5
250.128,55,202.2,1016,3529.754395,481511,25.87514322,0.570315926,252,1201.521859,67505.5,21.38573565,0.792171573,26,231,1879,6378,562,150,120,1.5
246.13,34,194.312,1052,3765.452879,488201.5,29.04258874,0.539997312,264,1228.00714,68165.5,22.12265056,0.785420408,20,232,719,5333,367,150,120,1.5
247.396,31,218.277,932,3622.925968,463836,28.29791687,0.425129805,256,1207.036578,70633.5,20.6267182,0.781606396,24,230,741,6531,450,150,120,1.5
243.403,27,216.231,1072,3724.624452,505033.5,27.46912296,0.549163104,252,1183.96551,68592,20.43641138,0.783651646,19,226,654,5633,433,150,120,1.5
246.1,53,206.293,1060,3800.724957,500698,28.85074476,0.518420736,268,1225.178713,71694.5,20.93693211,0.74794301,22,230,1804,5777,701,150,120,1.5
248.129,50,202.121,980,3949.69552,483970,32.23359857,0.450598214,236,1191.279218,65242,21.7520336,0.824872124,28,232,1850,6868,445,150,120,1.5
250.392,53,196.308,944,3660.055911,475081.5,28.19728672,0.430084023,288,1255.663994,73528.5,21.44327801,0.670961871,28,233,2192,7185,349,150,120,1.5
241.406,44,197.307,1024,3867.796025,489841.5,30.54017696,0.509889193,228,1151.137083,64432,20.56612528,0.809186771,35,226,1842,8815,323,150,120,1.5
258.124,63,207.292,1008,3768.239676,485929,29.22161521,0.522281526,268,1216.249781,69600,21.25378634,0.728568225,22,243,2057,5608,684,150,120,1.5
250.162,47,206.293,1020,4136.080296,484359.5,35.3191384,0.540238178,220,1183.96551,64080,21.87537967,0.85341331,17,238,1632,4780,339,150,120,1.5
248.34,41,210.466,956,3923.754395,474474,32.4482449,0.405322706,296,1304.149276,78005.5,21.80365914,0.707517451,21,233,1307,5679,478,150,120,1.5
248.395,57,192.315,1020,3723.210239,494486,28.0337451,0.535495374,228,1163.137083,62938,21.49556506,0.828810025,25,233,2670,6583,480,150,120,1.5
254.159,57,211.192,980,3784.097541,489075,29.27852415,0.479866273,276,1229.906635,70242,21.53512615,0.715290778,21,240,1966,5523,702,150,120,1.5
252.161,51,202.121,1012,3618.683327,503269.5,26.01959591,0.545552557,228,1163.379724,63310.5,21.37800809,0.827989033,19,240,1918,5195,304,150,120,1.5
253.334,54,203.158,996,3965.65389,495454.5,31.74138245,0.517588541,296,1273.563489,73797,21.97872489,0.671617013,23,239,2241,6144,394,150,120,1.5
250.242,50,195.433,996,3600.239676,503137,25.76182178,0.572399589,232,1163.72287,64785.5,20.90361141,0.82751857,25,236,2164,6544,252,150,120,1.5
258.124,56,209.194,1008,3628.884338,517781.5,25.43312485,0.510012071,276,1251.663994,74346.5,21.072448,0.706544692,20,240,1979,5122,706,150,120,1.5
251.127,47,198.162,992,3657.126978,489580,27.31847244,0.498476683,240,1184.107646,64130,21.86357268,0.789667672,18,239,1673,4714,172,150,120,1.5
256.236,55,208.291,972,3639.712765,502272.5,26.375143,0.503278634,272,1227.906635,68779,21.92173053,0.735105448,26,241,2323,6715,454,150,120,1.5
251.448,57,188.449,1024,3836.381812,514253,28.61981438,0.465350763,240,1161.865005,64284.5,20.99931227,0.794637969,19,238,2667,5529,158,150,120,1.5
