315,35,291,0.269581705,-0.933230162,-0.268207729,-0.408545136,-0.353568703,524,1610.877198,135286,19.18103385,0.773050511,240,1011.72287,52693.5,19.42522635,0.618951536,quasistable
318,38,294,0.311755717,-0.821697235,-0.063385405,-0.325286716,-0.373623252,500,1565.220343,128000,19.13995878,0.778849682,248,1029.622364,54138,19.58185033,0.599759637,quasistable
339,51,342,-0.269119382,-0.576426327,0.491398543,-0.634382904,0.33596617,520,1641.948265,142819.5,18.87693281,0.751080218,252,1123.078208,61439,20.52938136,0.703420195,quasistable
330,31,318,0.364565432,-0.79043591,-0.389982998,-0.218725473,-0.395930976,500,1591.119838,133976.5,18.89631644,0.723810239,252,1081.521859,58433.5,20.01744772,0.655312332,quasistable
336,49,333,-0.282842249,-0.688041925,0.291258037,-0.714497685,0.292644471,540,1676.534052,147626,19.03977908,0.758047659,236,1083.622364,59571,19.71156147,0.669357268,quasistable
318,43,318,-0.00035703,-0.708766699,0.133470103,-0.507693708,-0.022320053,496,1557.220343,126792,19.12530126,0.79837542,236,1056.551297,57711.5,19.34277644,0.658408186,quasistable
327,33,330,0.213341817,-0.720026433,-0.323223531,-0.300661534,-0.240967095,488,1556.877198,128329,18.88791004,0.748305449,240,1083.865005,60411.5,19.44602185,0.676928241,quasistable
333,37,330,0.039805774,-0.735667646,-0.198025033,-0.454039663,-0.071953587,512,1615.119838,137528.5,18.9677928,0.739753066,236,1078.208151,60953.5,19.07245386,0.684141746,quasistable
312,51,327,-0.289058149,-0.687944531,0.448566765,-0.744047821,0.32564348,520,1592.634557,131910.5,19.22883191,0.784643886,240,1081.96551,61611,19.00065516,0.658106122,quasistable
324,33,330,0.032574292,-0.809327364,-0.40495187,-0.501933336,-0.070827924,520,1614.877198,135740,19.21193726,0.774505845,240,1087.379724,62616.5,18.88311649,0.660165163,quasistable
327,53,339,-0.310557663,-0.574084222,0.569536924,-0.691735566,0.384880543,512,1613.220343,135524,19.20309227,0.755226636,244,1109.865005,63878.5,19.28348864,0.670038034,quasistable
312,51,330,-0.262379646,-0.633348525,0.503708243,-0.699486732,0.323934376,504,1560.634557,126826.5,19.20403244,0.787635535,248,1105.521859,62777.5,19.46841752,0.639546499,quasistable
318,53,342,-0.297298133,-0.530030131,0.636756539,-0.660873532,0.391946912,488,1544.291411,124543.5,19.14861845,0.761505488,240,1106.693432,62560.5,19.57737474,0.691541136,quasistable
327,51,303,-0.089871094,-0.726939797,0.418196321,-0.633289278,0.055342633,524,1625.948265,138267.5,19.12023983,0.770973957,248,1055.622364,59753,18.64908165,0.520696592,quasistable
318,54,279,0.045183588,-0.743672967,0.590586245,-0.572362483,-0.105741069,512,1581.605119,127238.5,19.65973156,0.795155277,244,993.3797237,52415.5,18.82655465,0.492426678,quasistable
321,39,315,0.10455732,-0.756678879,-0.052301671,-0.442872137,-0.140175417,508,1580.776692,129806.5,19.25061496,0.772241375,252,1076.693432,59311.5,19.54542958,0.626930021,quasistable
315,53,321,-0.122976176,-0.573842406,0.674127877,-0.567631066,0.171374649,488,1527.605119,120113.5,19.42810259,0.757352098,248,1082.450791,60424,19.39129676,0.645966482,quasistable
318,32,324,0.207662657,-0.761688292,-0.356166393,-0.350481749,-0.247527912,500,1556.433546,122571.5,19.76385526,0.785811034,256,1101.521859,61435.5,19.7499883,0.639495813,quasistable
318,53,330,-0.219534338,-0.590760112,0.654668391,-0.631998241,0.288042784,500,1560.534052,127896,19.04099054,0.767420316,248,1099.279218,61040,19.79709699,0.692854402,quasistable
318,27,339,0.239098772,-0.761781156,-0.6011765,-0.294746637,-0.270377338,492,1539.84776,120696,19.64548224,0.74766052,240,1101.865005,61386.5,19.77806992,0.708315051,quasistable
309,39,321,0.037094917,-0.75369215,-0.096462063,-0.49129048,-0.083873928,500,1541.362479,120214,19.76307494,0.780702649,224,1040.308656,55979,19.33300166,0.705793693,quasistable
315,33,339,0.044407237,-0.746926069,-0.372728139,-0.44622463,-0.06791462,492,1543.80613,123846.5,19.2442852,0.775141801,220,1072.793937,57896,19.87852065,0.746683713,quasistable
312,55,336,-0.250412732,-0.544508159,0.692774117,-0.637501895,0.302259982,488,1522.190906,117176,19.77422982,0.792576579,216,1067.96551,56998,20.01035704,0.761135515,quasistable
315,40,258,0.446411639,-0.960601985,-0.060259696,-0.325535059,-0.581580758,508,1575.220343,129447,19.16861055,0.776017196,220,905.1370831,43195,18.96685124,0.523160843,quasistable
321,51,258,0.271375149,-0.829859912,0.434473932,-0.429776877,-0.400569111,516,1623.948265,132304.5,19.93286674,0.755630911,220,903.9655101,42488,19.23257493,0.530927766,quasistable
303,49,306,0.039192978,-0.679665864,0.450880021,-0.478375554,-0.074027181,484,1507.462984,116461.5,19.51241095,0.777967435,216,993.7228695,49654.5,19.88712285,0.732792424,quasistable
315,25,297,0.57215476,-0.949534655,-0.660164297,-0.149373472,-0.62379837,500,1558.634557,125099.5,19.41927571,0.766403675,240,1017.279218,50977,20.300469,0.651145255,quasistable
309,47,297,0.101172745,-0.734615207,0.35936749,-0.464387059,-0.138644725,496,1541.705625,122721,19.36796663,0.772608433,236,1008.693432,49649.5,20.49290405,0.651345416,quasistable
303,29,300,0.434120595,-0.917616427,-0.470884651,-0.249125972,-0.491052449,496,1524.877198,118349,19.64740274,0.785312233,232,1008.450791,49013,20.74904614,0.713743833,quasistable
312,43,300,0.137815803,-0.786563456,0.143551156,-0.435810596,-0.188878611,500,1554.977703,126384.5,19.13174207,0.76886685,224,1003.379724,48726.5,20.66167014,0.707781647,quasistable
309,46,312,0.066225089,-0.66226697,0.285283983,-0.452312797,-0.112551801,488,1528.291411,115431.5,20.23429165,0.793398842,224,1023.480229,52999,19.76474611,0.693551966,quasistable
303,26,315,0.466309339,-0.821581364,-0.62424916,-0.163876638,-0.528717458,472,1480.534052,110752,19.79179679,0.759592839,224,1028.894442,54088.5,19.57206751,0.672056955,quasistable
306,47,336,-0.204670906,-0.62398088,0.322507799,-0.625814497,0.241349518,488,1522.634557,119669.5,19.37349111,0.779049754,228,1081.622364,58444,20.01757133,0.713962377,quasistable
300,50,315,-0.064938225,-0.627093017,0.550889552,-0.543756068,0.085276142,472,1473.80613,114341.5,18.99664171,0.782088591,232,1065.96551,57995,19.59276608,0.680810382,quasistable
309,46,318,0.011444054,-0.660978675,0.336822629,-0.475717485,-0.013451312,484,1511.119838,119076.5,19.17660634,0.760186492,232,1080.551297,58899.5,19.8234468,0.710686208,quasistable
309,47,321,-0.136187166,-0.701966882,0.304042101,-0.621870339,0.138319552,504,1554.04877,124526,19.39408301,0.794265571,232,1071.137083,58700,19.54573511,0.690167868,quasistable
297,37,330,0.117604248,-0.689894736,-0.084942907,-0.38990739,-0.141525552,476,1471.705625,108896,19.88977966,0.757746411,232,1083.279218,57472,20.4185319,0.726887461,quasistable
306,51,330,-0.209522218,-0.617816687,0.519208014,-0.641094327,0.250361264,496,1526.776692,118601.5,19.65444845,0.787280627,232,1076.450791,58015,19.9732191,0.721720319,quasistable
294,48,342,-0.266532958,-0.62415868,0.438194573,-0.677105725,0.342328995,484,1488.149276,115161.5,19.23028327,0.809268392,236,1117.036578,61462.5,20.3013336,0.75926108,quasistable
297,47,339,-0.057756603,-0.530262887,0.485752106,-0.473693162,0.102368295,456,1436.391916,106248,19.41892306,0.763869691,244,1111.036578,63889.5,19.32089431,0.718237385,quasistable
300,46,345,-0.300719529,-0.653069794,0.272280335,-0.718403816,0.371241927,504,1531.948265,119846.5,19.58226137,0.80642955,248,1135.521859,65066.5,19.81680116,0.709128436,quasistable
285,35,324,0.020624643,-0.804576576,-0.217286378,-0.5355528,-0.044391245,496,1488.877198,111035,19.96447345,0.821961485,240,1068.936073,55704,20.51242868,0.695762995,quasistable
291,46,336,-0.09390793,-0.603939712,0.366300911,-0.536198616,0.116988815,472,1453.462984,106372.5,19.85996988,0.798336883,232,1079.865005,56609.5,20.59916496,0.755225435,quasistable
300,41,342,-0.206056356,-0.71469295,0.024299759,-0.655196726,0.236577854,504,1534.877198,120132,19.61049522,0.808894588,236,1098.693432,58628.5,20.58942762,0.754370684,quasistable
291,52,303,0.004836332,-0.643114209,0.659148514,-0.534059644,-0.006091943,480,1467.119838,106642.5,20.18370368,0.816884681,240,1030.450791,52926,20.06251811,0.653912093,quasistable
291,52,318,-0.129830629,-0.62321192,0.631066442,-0.612975299,0.164340913,484,1473.362479,108716,19.96759441,0.804471134,240,1058.107646,55781,20.07120327,0.679458856,quasistable
303,55,309,-0.189855561,-0.687411964,0.647396863,-0.696276605,0.198657215,516,1558.433546,121934.5,19.91819476,0.802448017,236,1037.379724,55417.5,19.41907685,0.657187724,quasistable
300,36,327,0.064319335,-0.742300272,-0.211775377,-0.46356073,-0.110016853,488,1497.019333,111885,20.03009235,0.803986946,224,1059.137083,57170,19.62167851,0.707679809,quasistable
294,53,321,-0.148132816,-0.579523444,0.67694658,-0.593775213,0.18598561,468,1450.877198,108738,19.35886849,0.770010938,224,1050.651802,57161,19.31157973,0.70387365,quasistable
306,28,330,0.105376296,-0.873026192,-0.625895023,-0.468996108,-0.14989914,508,1555.605119,122619.5,19.73509342,0.788293913,220,1058.894442,56905.5,19.70385007,0.725974974,quasistable
294,54,351,-0.454872161,-0.600731134,0.577428341,-0.825682342,0.555704296,504,1531.948265,117470.5,19.97833913,0.811623871,216,1081.96551,59283,19.74679698,0.779037503,quasistable
309,41,348,-0.195232689,-0.677413523,-0.025076907,-0.617785037,0.203895405,500,1541.362479,120454,19.72369777,0.787888194,216,1087.480229,59819,19.76985988,0.786814967,quasistable
303,36,342,-0.063540429,-0.731536508,-0.222941697,-0.534455657,0.054299515,492,1513.362479,117216,19.53885128,0.789966713,220,1070.793937,56973,20.12531648,0.772475742,quasistable
312,45,345,-0.232427865,-0.643741369,0.155389354,-0.643488348,0.247744188,504,1550.090401,121039.5,19.85120766,0.786149585,220,1081.480229,60422,19.35717926,0.760354038,quasistable
309,30,297,0.38557148,-0.919589579,-0.516311049,-0.296838552,-0.475839645,500,1543.705625,120728,19.73881001,0.776718832,216,987.2375883,51276.5,19.00749965,0.66846253,quasistable
312,37,336,-0.062845841,-0.741452515,-0.251257896,-0.556577444,0.018651687,516,1588.575682,123145.5,20.49260994,0.808843139,224,1066.208151,57047.5,19.92725046,0.736905658,quasistable
306,44,330,-0.049455129,-0.621335626,0.179398566,-0.497763723,0.037388921,476,1497.705625,114823,19.53547754,0.743261758,220,1050.308656,57702,19.1180249,0.703643027,quasistable
327,26,321,0.238415763,-0.910818934,-0.739100754,-0.381230801,-0.306360573,520,1612.676187,133224,19.52144121,0.776089583,224,1042.066015,57345.5,18.93612542,0.680890432,quasistable
324,53,315,-0.0132471,-0.553602755,0.672779024,-0.46481514,0.034217644,492,1574.433546,124614.5,19.8920751,0.715885539,244,1061.865005,57542.5,19.59520856,0.657201457,quasistable
324,43,318,0.008956078,-0.721143126,0.10068775,-0.501008272,-0.04676212,508,1582.676187,128535,19.48779642,0.789489155,232,1053.622364,56922,19.50247859,0.695021677,quasistable
327,39,336,0.009357002,-0.685231984,-0.068638057,-0.443361431,-0.019563256,500,1582.190906,129986,19.2584437,0.751184966,228,1069.521859,54395.5,21.02889039,0.767704889,quasistable
333,39,333,0.000692226,-0.699435413,-0.086600907,-0.467889071,-0.015679238,512,1608.676187,132446,19.53882393,0.779234878,240,1085.178713,55096.5,21.37364151,0.732212784,quasistable
333,48,357,-0.329222322,-0.557927608,0.322250873,-0.639476597,0.399853438,504,1600.291411,134967.5,18.97443903,0.742484311,216,1092.793937,55642,21.46217945,0.82729527,quasistable
327,39,312,0.068285272,-0.825683475,-0.132736534,-0.490774572,-0.136455938,524,1629.84776,135879,19.54977385,0.788127885,216,1003.379724,48978.5,20.55536347,0.76150672,quasistable
333,27,342,0.111926198,-0.839318454,-0.687745571,-0.412283272,-0.13640964,512,1610.433546,135264.5,19.17351713,0.753118017,208,1054.793937,52625,21.14185748,0.813868946,quasistable
333,31,318,0.247781336,-0.842809856,-0.513662338,-0.341908872,-0.320445538,516,1614.918828,132947.5,19.61648636,0.727696743,220,1023.379724,53408.5,19.60935167,0.71036152,quasistable
342,38,342,-0.027281767,-0.678322673,-0.155058742,-0.455879211,0.019975707,508,1619.84776,138272,18.97641435,0.742163655,224,1084.450791,56067,20.97550286,0.766927247,quasistable
342,51,330,-0.126698181,-0.555841744,0.485934228,-0.517938256,0.145246387,504,1619.605119,136915.5,19.15868359,0.70446783,232,1069.622364,58582,19.5297532,0.686773519,quasistable
345,49,324,-0.116830721,-0.659449995,0.324900866,-0.55979079,0.083219513,528,1669.504614,143780,19.38548933,0.760175995,220,1037.137083,54613,19.69592092,0.738801481,quasistable
339,44,297,0.25307861,-0.7332744,0.178472921,-0.310715586,-0.321487695,504,1611.705625,137590,18.87924283,0.704800752,228,997.9655101,51585,19.30668139,0.664698115,quasistable
351,31,291,0.514690697,-0.931510389,-0.47468695,-0.187964454,-0.606581867,524,1675.261974,147352.5,19.046183,0.740983902,224,980.8944424,50680.5,18.98469643,0.683448158,quasistable
348,38,300,0.375865608,-0.787627816,-0.111609347,-0.219897151,-0.447015643,508,1640.634557,143538.5,18.75233299,0.716895343,228,1003.379724,51318.5,19.61808841,0.689840195,quasistable
345,49,291,0.132579759,-0.754943848,0.380612403,-0.443086982,-0.219120055,528,1669.362479,145626,19.13649407,0.769544133,232,995.1370831,51886,19.08603119,0.660500811,quasistable
354,32,327,0.50150609,-0.677723706,-0.328404784,-0.024049481,-0.515328884,484,1614.877198,140828,18.51782574,0.666844634,248,1088.592927,58731,20.17732646,0.695301681,quasistable
354,34,282,0.528900743,-0.913141012,-0.309364766,-0.187716678,-0.631042063,532,1696.090401,149718.5,19.21420965,0.748023843,244,1003.480229,54617,18.43698061,0.639121967,quasistable
363,36,345,0.197461963,-0.60015738,-0.218066975,-0.209636569,-0.205396026,492,1639.948265,144044.5,18.67082959,0.682249706,224,1113.865005,56376.5,22.00731243,0.787453787,quasistable
369,40,285,0.591336489,-0.742133915,0.022933796,-0.046852417,-0.662070334,512,1688.575682,146315.5,19.48725756,0.648482255,248,1015.72287,53987.5,19.10984853,0.629698943,quasistable
366,51,282,0.383418739,-0.676294029,0.59796828,-0.189486057,-0.440527886,516,1683.261974,151944.5,18.6474066,0.693966316,248,1010.894442,52069.5,19.62583804,0.672025331,quasistable
372,30,285,0.909358859,-0.847270966,-0.45610705,0.175675109,-0.939547598,500,1669.84776,147283,18.93220223,0.612891131,244,1000.107646,49198,20.33040576,0.597032948,quasistable
375,32,276,0.861771882,-0.899707615,-0.381352842,0.100058913,-0.914516985,512,1697.362479,156544,18.40402305,0.668242508,240,977.0365778,46988.5,20.31561923,0.57945261,quasistable
381,31,348,0.336580694,-0.636125088,-0.462700903,-0.098463789,-0.34612304,516,1725.362479,159878,18.61967052,0.604344197,240,1140.551297,61665.5,21.0953817,0.793951048,quasistable
384,52,351,-0.058076236,-0.394498676,0.614792824,-0.314032912,0.108145148,512,1723.362479,159231,18.65201018,0.656675131,248,1141.865005,63370.5,20.57512075,0.805269903,quasistable
387,36,351,0.154959351,-0.587772369,-0.30318284,-0.227073133,-0.192149326,516,1735.948265,161756.5,18.62995539,0.607319342,212,1092.894442,59756.5,19.98808937,0.79868408,quasistable
396,51,354,-0.112752438,-0.376829416,0.489776134,-0.35301882,0.141899377,508,1733.705625,165525,18.15879893,0.611990426,232,1118.793937,65109,19.22468282,0.734918623,quasistable
399,30,369,0.329742908,-0.510317087,-0.561354637,-0.020890154,-0.343736917,496,1715.119838,157878.5,18.63227773,0.565644693,228,1149.379724,65105.5,20.29127722,0.790228882,quasistable
408,40,369,-0.073378935,-0.475963414,-0.112146229,-0.354511082,0.069755554,540,1816.433546,178925.5,18.44024931,0.646804874,244,1168.107646,69250,19.70361692,0.742894315,quasistable
405,27,354,0.537786484,-0.585875034,-0.686137974,0.097433165,-0.556218922,500,1731.605119,163775.5,18.30833238,0.577199226,240,1134.208151,66085.5,19.46611782,0.725086429,quasistable
414,42,360,0.102670029,-0.410314023,0.047619652,-0.170978412,-0.105436333,512,1777.119838,173963.5,18.15412382,0.609439907,244,1151.865005,67169.5,19.75290853,0.731723431,quasistable
411,43,369,-0.001978527,-0.386889756,0.091758303,-0.237097055,0.023557495,520,1782.433546,171694.5,18.50419989,0.619430388,248,1177.279218,67853,20.4263092,0.769355831,quasistable
414,55,396,-0.425199002,-0.21080859,0.647794127,-0.4852826,0.578277647,528,1807.948265,178196.5,18.34310399,0.600101455,240,1215.279218,71554,20.64040555,0.816040996,quasistable
417,38,417,-0.273250908,-0.280025363,-0.213674858,-0.362004846,0.387555331,524,1803.019333,174480,18.6318129,0.579076639,244,1281.279218,71533,22.94991732,0.852069515,nonstationary
417,47,438,-0.550937235,-0.115693063,0.218010768,-0.506715238,0.781262398,516,1799.019333,173930,18.60789145,0.528279097,244,1305.521859,77149.5,22.09200739,0.836900584,nonstationary
420,29,441,-0.15578258,-0.238879681,-0.618609667,-0.227135316,0.262299895,512,1787.948265,174546.5,18.3146554,0.515909111,264,1351.906635,82685,22.10378605,0.817774593,nonstationary
417,33,450,-0.400561839,-0.199624926,-0.485952049,-0.410957247,0.572996318,508,1779.948265,173194.5,18.29282008,0.484356589,232,1339.865005,75331.5,23.83117595,0.861231154,nonstationary
432,30,447,-0.217103094,-0.197087005,-0.62719214,-0.257160515,0.331618011,508,1811.261974,176408.5,18.59700602,0.475042629,240,1337.178713,77398.5,23.10182899,0.832834671,nonstationary
426,42,456,-0.578949988,-0.06392245,-0.030631894,-0.491523534,0.822165012,504,1792.291411,179031.5,17.94270004,0.487961609,244,1353.421354,81495,22.47683123,0.827782105,nonstationary
441,39,483,-0.632186711,0.031777967,-0.219073176,-0.472147405,0.905197799,500,1803.605119,180395.5,18.03255307,0.402623028,240,1400.00714,85287.5,22.98132778,0.857485024,nonstationary
426,47,450,-0.698294103,-0.103536807,0.158122391,-0.620587528,0.967916429,528,1830.190906,183034,18.30041824,0.495839437,224,1311.96551,78644,21.88664742,0.857500769,nonstationary
435,42,459,-0.369306028,0.026695056,0.004760177,-0.253804743,0.555294752,492,1795.119838,178994.5,18.00309637,0.355168458,268,1408.00714,92411.5,21.45278571,0.84750394,nonstationary
438,53,549,-1.289840221,0.214913979,0.42851615,-0.952910244,2.089677334,520,1870.433546,191402.5,18.27834878,0.472521401,272,1601.462984,93530.5,27.42082731,0.882557611,nonstationary
438,52,420,-0.308534354,-0.024748584,0.513738394,-0.240166947,0.488648444,520,1842.291411,189350.5,17.92462995,0.365753995,264,1316.936073,77936,22.25313872,0.838108338,nonstationary
453,41,429,-0.130447313,-0.058953095,-0.061099108,-0.113900676,0.229951367,508,1843.605119,186147.5,18.25906787,0.351131339,264,1330.835567,85922.5,20.61303276,0.775973215,nonstationary
450,36,414,0.038673632,-0.18184644,-0.306482941,-0.055095982,0.013442909,520,1877.261974,192923.5,18.26689085,0.413709275,272,1326.592927,85312,20.62838514,0.727684317,nonstationary
450,46,441,-0.258663476,0.040529072,0.220654503,-0.158392176,0.437241316,496,1823.362479,183337,18.13409584,0.313905479,272,1380.391916,85096,22.39214349,0.801526849,nonstationary
456,42,429,-0.165196821,-0.072233804,-0.019286802,-0.144424215,0.295908421,528,1887.261974,197082.5,18.07242021,0.411829406,276,1392.877198,83171,23.3267231,0.784918151,nonstationary
465,31,423,0.219725266,-0.166000739,-0.53091538,0.123901099,-0.168245271,520,1909.404109,198405.5,18.37561988,0.382853192,284,1375.220343,88099,21.46711078,0.770633775,nonstationary
471,36,420,0.168882549,-0.113131091,-0.281677157,0.11153812,-0.105853952,524,1917.261974,202611.5,18.14257076,0.371775832,292,1375.462984,87439.5,21.63665643,0.756520204,nonstationary
483,45,429,-0.060181603,0.033455487,0.13974902,0.013931735,0.180497572,516,1929.161468,203219,18.31356306,0.322481618,268,1365.563489,83615,22.30178369,0.818571399,nonstationary
483,43,432,-0.126187682,-0.002308432,-0.013571733,-0.063038141,0.235455543,544,1966.232536,210773.5,18.34229818,0.362498597,272,1377.220343,84138,22.5431538,0.816514783,nonstationary
483,42,423,0.098111272,-0.015643766,0.0144132,0.118235432,-0.002028055,504,1899.504614,198361,18.1896531,0.345821679,272,1374.634557,82867.5,22.80291025,0.809420748,nonstationary
501,30,426,0.304687709,-0.103848942,-0.648351967,0.223957375,-0.278923243,548,2023.88939,221449.5,18.49689552,0.26298879,296,1375.563489,91290,20.72707759,0.727007524,nonstationary
501,34,453,0.082004793,0.036522411,-0.410817116,0.136105329,-0.003464532,512,1947.404109,207122.5,18.30985414,0.348100363,296,1424.291411,96259.5,21.07434615,0.759530375,nonstationary
507,51,441,-0.154705241,0.161980644,0.47716251,0.011441332,0.334562808,512,1949.060963,206966.5,18.35484795,0.375093265,288,1387.220343,87361,22.02791041,0.802008741,nonstationary
519,35,441,0.127183452,0.015336196,-0.402467579,0.159954935,-0.067779988,532,2014.617312,217328,18.67537967,0.36214516,284,1386.634557,90853.5,21.16325067,0.771955328,instability
513,34,435,0.216906175,-0.029305367,-0.424084693,0.212865859,-0.168450743,512,1968.232536,209704.5,18.47332468,0.39924427,272,1364.492422,88402.5,21.06093796,0.796384851,instability
522,33,411,0.514504433,-0.102123745,-0.4336133,0.398858428,-0.471544176,520,2020.232536,220574.5,18.50322453,0.308576368,296,1351.80613,88206.5,20.71706521,0.719709848,instability
525,52,417,-0.06227266,0.095596887,0.483521402,0.042180832,0.161566064,512,1987.989895,215814,18.3125461,0.443827217,240,1263.521859,77026.5,20.72647061,0.818640527,instability
537,34,417,0.407809764,-0.0655111,-0.430964917,0.342788965,-0.37612313,528,2045.546244,221799.5,18.86505352,0.338930172,268,1305.078208,81148,20.98916953,0.78269808,instability
531,43,486,-0.484378904,0.218494982,-0.06939961,-0.220995262,0.700488389,508,2002.333041,217366,18.44510001,0.48365636,216,1369.521859,78725.5,23.82442947,0.906653049,instability
540,54,423,-0.064823687,0.160684094,0.592580736,0.078651555,0.203065634,524,2040.232536,225796.5,18.43495714,0.428060154,264,1312.391916,80186,21.47971643,0.794933226,instability
540,26,429,0.575757146,-0.11937286,-0.811197817,0.464908719,-0.546595812,500,1992.818322,216100,18.37725528,0.462099475,264,1317.563489,82643,21.00569374,0.797258627,instability
561,33,423,0.457099915,-0.039331242,-0.496551812,0.408809364,-0.429005146,528,2086.132031,233659,18.62520532,0.416036582,268,1336.00714,85619.5,20.84706263,0.801753138,instability
555,36,417,0.444162577,-0.031196179,-0.312677205,0.400775343,-0.406010419,516,2047.788885,225459,18.59956496,0.44977636,272,1321.663994,82999.5,21.04585828,0.780672351,instability
543,52,420,-0.002517635,0.129072845,0.51445502,0.110064015,0.106716625,500,2001.747255,217126.5,18.45464313,0.547414501,256,1312.835567,82367.5,20.92496709,0.79720916,instability
561,25,444,0.545894444,-0.049355015,-0.824764431,0.49011454,-0.487303704,512,2070.475177,230126,18.62834906,0.518098791,292,1411.948265,86966.5,22.92374539,0.786099738,instability
549,40,453,-0.042115122,0.12509127,-0.17790933,0.100256972,0.106342152,500,2019.404109,220646.5,18.48201968,0.558722219,232,1347.036578,84195.5,21.55112259,0.869354937,instability
567,29,453,0.341593862,0.038453232,-0.683957279,0.378269315,-0.292435795,520,2081.546244,232125.5,18.66591463,0.491915878,276,1395.80613,87176.5,22.34862322,0.831104884,instability
567,25,456,0.39613381,0.000344686,-0.891947269,0.401368886,-0.375632674,500,2055.989895,227720,18.56268422,0.584811813,256,1371.178713,89033.5,21.11711955,0.853562977,instability
561,52,444,-0.114203855,0.23068513,0.495043337,0.098030604,0.25427106,508,2053.161468,229725,18.35007951,0.561893186,260,1368.835567,86395.5,21.68759728,0.84562826,instability
573,51,438,-0.045782521,0.212836787,0.428920388,0.137494162,0.159717157,516,2097.646749,235680,18.66989938,0.574116492,256,1345.320849,85028.5,21.28566523,0.819784707,instability
567,44,429,0.185226709,0.118123315,0.078558549,0.281207472,-0.121365771,516,2081.303604,230481,18.79471492,0.475248069,256,1317.178713,82448.5,21.04295121,0.826204356,instability
579,27,432,0.583830714,-0.067326449,-0.779606402,0.508144498,-0.558276892,508,2076.274166,227678,18.93425984,0.532466979,252,1328.249781,81196,21.72825608,0.833668933,instability
579,41,444,0.154243037,0.147580296,-0.080833092,0.285791606,-0.0810702,508,2104.374671,234874.5,18.85429349,0.596743048,252,1376.835567,81087.5,23.37815544,0.859400642,instability
576,34,411,0.569996297,-0.065466546,-0.426183134,0.480765343,-0.555840433,504,2067.546244,229084.5,18.66013402,0.570690936,260,1298.350286,84749.5,19.89054172,0.777657882,instability
582,29,423,0.549588025,-0.082271434,-0.704755664,0.459989846,-0.539803922,508,2088.132031,230550,18.91258025,0.600121439,244,1321.7645,81750,21.37078156,0.804387578,instability
588,43,426,0.215066567,0.102601789,0.004785258,0.284506053,-0.179998308,516,2134.031525,238436.5,19.09980457,0.621517201,248,1304.936073,81446,20.90781811,0.796705705,instability
588,34,411,0.562831938,-0.074731678,-0.468366981,0.470952392,-0.564148605,508,2093.102593,227250,19.27867312,0.539460446,216,1236.894442,71288.5,21.46079468,0.837915156,instability
606,32,369,1.013060331,-0.242847636,-0.45656535,0.70664382,-0.958727062,524,2185.830515,242601.5,19.69425185,0.570499907,260,1245.480229,77296,20.06858053,0.77081658,instability
594,43,468,0.141278252,0.280042112,0.088943481,0.36607033,-0.01811431,496,2109.445739,233601,19.04855427,0.591761049,296,1475.906635,93123,23.39164756,0.855722844,instability
585,25,480,0.222085938,0.116205931,-0.885436296,0.34306863,-0.144187137,528,2136.031525,243403.5,18.74513176,0.532153865,272,1457.421354,84959,25.00120061,0.901619913,instability
588,29,477,0.229951888,0.156118616,-0.692745209,0.367234617,-0.159051135,520,2114.759447,233276,19.17131432,0.534026967,280,1477.563489,92355,23.6391518,0.878065809,instability
570,41,516,-0.350764215,0.358194321,-0.154299527,-0.014780228,0.60101527,508,2071.88939,228253.5,18.80683383,0.552960894,280,1654.04877,100764,27.15133713,0.87166704,instability
600,30,510,-0.035458442,0.285109729,-0.696199536,0.219568923,0.161513627,512,2130.960458,239229,18.98178094,0.575376649,272,1584.735062,98277,25.55415018,0.868743283,instability
594,38,513,-0.233440563,0.367388397,-0.306146443,0.097609639,0.396840066,508,2117.546244,235251.5,19.06046124,0.597181182,264,1537.663994,99007.5,23.88112577,0.887826421,instability
609,46,435,0.287410498,0.192846462,0.18887426,0.398212343,-0.201848745,520,2162.031525,247734.5,18.86850769,0.596093865,320,1462.735062,104926,20.39145552,0.737031424,instability
588,44,429,0.381742835,0.114081748,0.128785715,0.398890734,-0.279022872,516,2112.031525,233491.5,19.1042379,0.567980751,364,1543.84776,110038,21.66038919,0.615870129,instability
585,26,456,0.508593261,0.040192928,-0.790527761,0.501955152,-0.454925507,508,2092.374671,228220.5,19.1833414,0.615729984,320,1536.877198,108143,21.84137226,0.744401072,instability
591,48,513,-0.339912355,0.457321554,0.196458176,0.04756492,0.585063159,524,2149.445739,242197,19.0758638,0.563501454,308,1575.705625,110044,22.56232248,0.824312299,instability
594,51,519,-0.361186355,0.491524488,0.397378892,0.0534865,0.658855319,504,2105.68838,227651.5,19.47680359,0.609127815,304,1616.190906,104853,24.9117626,0.839252229,instability
594,47,513,-0.289328158,0.450715095,0.137113929,0.081210561,0.511459231,524,2142.374671,240411.5,19.09130484,0.56794145,324,1602.04877,117950,21.75973093,0.795474664,instability
597,45,498,-0.17689164,0.383574963,0.069106549,0.12830098,0.340118706,508,2116.374671,234256.5,19.12024533,0.650857853,316,1558.391916,116687,20.81281861,0.771109011,instability
621,39,516,-0.119492307,0.434417963,-0.300689965,0.221004888,0.266657382,528,2196.173661,243423.5,19.81394051,0.630333684,316,1624.433546,116237.5,22.70166123,0.800193997,instability
582,54,507,-0.429670364,0.454731405,0.522210896,-0.046978347,0.739704907,512,2103.161468,231500,19.10707629,0.568252486,304,1577.948265,109827.5,22.67119554,0.792408588,instability
597,28,516,-0.0521897,0.283924699,-0.776673555,0.19665958,0.175026491,516,2148.617312,236437,19.52552415,0.613332143,280,1573.504614,96584,25.63485433,0.852496688,instability
582,54,480,-0.188009843,0.41143021,0.618760645,0.147964448,0.434127182,512,2095.68838,224488.5,19.56407471,0.514142596,304,1497.80613,101849.5,22.02684552,0.830133499,instability
573,42,486,-0.154030785,0.298895508,-0.065129928,0.118771084,0.293377995,516,2091.404109,232010.5,18.85247067,0.560820991,280,1477.421354,100369,21.74749033,0.862592044,instability
588,54,510,-0.303225607,0.490669817,0.611341238,0.104743727,0.599205673,500,2080.173661,222769.5,19.42421408,0.553195204,316,1600.291411,111459.5,22.97635105,0.861248874,instability
564,32,522,-0.034003947,0.314613551,-0.468706429,0.237079442,0.169432044,484,2019.88939,213015.5,19.15331583,0.569019522,316,1625.705625,112059,23.58506481,0.88688148,instability
612,34,510,0.050247952,0.3719019,-0.486415774,0.35068205,0.068150446,528,2177.002088,244705.5,19.36751765,0.569241305,328,1636.634557,115880.5,23.11495612,0.866472854,instability
573,28,525,0.151683748,0.287363976,-0.631883621,0.381043196,-0.02963737,484,2049.161468,223355,18.79994951,0.598003321,352,1715.404109,122062.5,24.10741429,0.84782876,instability
600,54,501,-0.156195566,0.443307161,0.519731939,0.20265907,0.404391736,524,2153.788885,244498,18.97277917,0.595253485,356,1739.019333,118640,25.49046055,0.840093566,instability
603,51,522,-0.20768629,0.487212807,0.408211529,0.179062963,0.465473682,508,2139.303604,240088,19.06226012,0.633667987,368,1745.646749,126512,24.08690538,0.810798884,instability
600,51,516,-0.164036095,0.470250607,0.434074193,0.208171591,0.425515443,508,2120.031525,229683.5,19.56837853,0.634765835,364,1763.646749,121379,25.62593082,0.817929071,instability
585,43,534,-0.242620483,0.454247981,-0.011908457,0.139676422,0.472908348,508,2108.918828,237868.5,18.69746781,0.599162667,352,1742.575682,125072.5,24.27847854,0.839977185,instability
597,52,516,-0.274404049,0.485111654,0.431232899,0.13398613,0.565074086,516,2127.102593,231709,19.52693008,0.61470905,328,1704.433546,106417.5,27.29902238,0.870111918,instability
597,43,519,-0.255480438,0.443426758,-0.018758766,0.118968576,0.444489628,496,2088.274166,229112,19.03387423,0.596462245,296,1574.835567,113016.5,21.94464582,0.856205927,instability
603,49,519,-0.354025096,0.48597607,0.260677963,0.053173628,0.59673214,504,2120.960458,236918,18.98746935,0.626803783,300,1607.563489,117022,22.08354302,0.840170828,instability
603,40,477,0.060769893,0.285088062,-0.155585065,0.278905123,0.027211433,496,2106.516807,229307.5,19.35136468,0.617952631,284,1491.80613,104540.5,21.28826176,0.797849679,instability
588,32,483,0.185746536,0.210137248,-0.518871069,0.337891817,-0.127386317,484,2082.717817,223460.5,19.4115448,0.65339891,292,1521.119838,106579.5,21.70966801,0.80227663,instability
606,28,474,0.310851097,0.15573211,-0.774651349,0.411624819,-0.27540043,516,2162.859953,240414.5,19.4579078,0.635666458,296,1517.80613,109699.5,21.00041885,0.803769744,instability
591,34,471,0.231738865,0.191685334,-0.420514166,0.366581827,-0.1740399,492,2079.788885,224075,19.30390184,0.639977528,296,1502.634557,106659.5,21.1693343,0.796726551,instability
612,29,447,0.476508766,0.059180424,-0.715914249,0.488137901,-0.433762282,528,2184.617312,247699,19.26754973,0.600964112,292,1481.948265,97299.5,22.57124303,0.765583507,instability
609,25,489,0.200399697,0.173576862,-0.935600162,0.333056062,-0.141727746,528,2186.173661,241988.5,19.75034051,0.594154449,280,1545.84776,99237,24.08018478,0.816402078,instability
609,26,477,0.31348896,0.134277865,-0.855936646,0.406469643,-0.26159355,512,2140.759447,233899,19.59329031,0.598900875,276,1505.84776,94769,23.927418,0.80065728,instability
627,36,459,0.294278145,0.199525788,-0.383261323,0.423476577,-0.234424874,520,2199.93102,248665,19.46271688,0.629002672,288,1482.877198,97634,22.52212122,0.767916416,instability
609,43,498,-0.131440684,0.383155495,-0.054445889,0.178173885,0.300832689,516,2151.68838,235992.5,19.6182628,0.632627239,296,1575.747255,102439.5,24.238496,0.78628866,instability
606,54,471,-0.140629932,0.390425414,0.561157286,0.177601278,0.337855935,504,2127.93102,229429,19.73634731,0.641942356,256,1441.563489,84129,24.70141442,0.842564058,instability
597,41,483,-0.024723746,0.30390206,-0.100210853,0.232319057,0.168070659,504,2111.303604,235026,18.96642459,0.593969897,284,1513.948265,92963.5,24.65526093,0.81342237,instability
603,34,540,-0.414589286,0.404622704,-0.546192408,-0.043693967,0.632436633,508,2128.173661,232009.5,19.5212831,0.592224945,228,1528.208151,87236.5,26.77113538,0.928370269,instability
600,34,486,0.068750322,0.229270339,-0.475989193,0.276807904,0.050016385,488,2075.93102,226707,19.00907162,0.607321404,244,1545.462984,81390.5,29.34563413,0.907493217,instability
615,43,483,0.020878658,0.338071644,0.002502848,0.301373303,0.119065814,496,2128.759447,233425,19.41358802,0.638912135,268,1545.705625,89863,26.58720361,0.870173674,instability
609,51,498,-0.202784687,0.446478695,0.390317708,0.173094928,0.433330864,496,2121.244729,227814,19.75154819,0.615312113,264,1575.948265,89020.5,27.89933706,0.899649221,instability
588,35,510,-0.102444112,0.30543837,-0.377040148,0.172660008,0.260338366,480,2065.203098,219774.5,19.40654552,0.653742218,260,1566.433546,83542.5,29.37084784,0.900369636,instability
594,46,483,-0.275087774,0.340249479,0.074165888,0.044674594,0.484215647,520,2136.717817,240329.5,18.99709786,0.581062763,236,1475.906635,75999,28.66222444,0.930961487,instability
603,51,465,-0.11463166,0.347308457,0.39840889,0.19110781,0.275677443,512,2137.93102,237440,19.25012234,0.615714296,236,1383.865005,75621.5,25.32457505,0.909506334,instability
615,52,369,0.668557286,0.019070981,0.569423854,0.608591259,-0.593188822,524,2176.759447,243721,19.44141741,0.575070202,228,1182.308656,60672,23.03952001,0.858119816,instability
612,54,417,0.238415614,0.219407618,0.624774158,0.379757434,-0.129769176,516,2155.93102,239351,19.41934048,0.627264954,260,1327.320849,78449.5,22.4575126,0.810114841,instability
594,29,162,3.042074442,-1.41088891,-0.582110584,1.421254754,-2.337612867,508,2105.68838,228131.5,19.43582343,0.573246578,196,795.2375883,17700.5,35.72796372,0.643969663,instability
609,45,339,0.99965024,-0.213519976,0.177000001,0.711401463,-0.914400399,516,2148.759447,236499,19.5229881,0.620274063,232,1190.693432,53002.5,26.74875428,0.802235677,instability
600,47,504,-0.344355792,0.412045836,0.137206227,0.027100785,0.553635776,496,2096.617312,226527,19.40521065,0.625650918,228,1479.663994,85188.5,25.70071707,0.907282482,instability
600,25,504,0.091261916,0.187764376,-0.901974857,0.263529301,-0.029355023,484,2089.345234,222164.5,19.64923967,0.641893373,220,1462.693432,78126.5,27.38471679,0.930311165,instability
603,47,492,-0.383108616,0.382722318,0.038228359,-0.037390336,0.620305419,524,2148.073156,233561,19.75594505,0.509406314,200,1427.178713,66997.5,30.40171767,0.939853672,instability
573,46,489,-0.387106061,0.311726689,0.035302285,-0.085601732,0.604375601,492,2050.617312,215858,19.48054443,0.576657246,200,1413.178713,65912.5,30.29886707,0.932454227,instability
585,42,348,0.947277367,-0.255292326,0.002422548,0.653037965,-0.933366358,508,2088.274166,226472,19.25575344,0.574554039,180,1020.509666,48378,21.52714001,0.872209903,instability
588,42,546,-0.794996738,0.441996425,-0.213617697,-0.371828705,1.207214475,524,2126.859953,231732.5,19.52049565,0.538673832,196,1483.279218,75932,28.9748359,0.947382411,instability
582,53,552,-0.963309586,0.507817328,0.356762797,-0.480504572,1.517128587,488,2046.960458,216915,19.31653927,0.626085342,196,1507.7645,74517,30.5078544,0.948024042,instability
576,54,486,-0.472186625,0.388524264,0.505607665,-0.100875437,0.744734645,512,2081.203098,230338.5,18.80452611,0.521712489,220,1371.279218,77764,24.18094099,0.906981962,instability
588,47,480,-0.362396419,0.318594813,0.097670525,-0.054351222,0.568365037,500,2090.960458,229541,19.04721002,0.603809259,200,1392.249781,66944,28.95493924,0.919043346,instability
585,52,483,-0.468249172,0.362946451,0.360409319,-0.115716502,0.722598612,512,2096.274166,231904,18.94907108,0.56950195,200,1372.693432,70383.5,26.77171863,0.923933344,instability
579,53,462,-0.277474105,0.309504926,0.448109537,0.008108319,0.503512144,508,2085.060963,232374.5,18.70893415,0.575298323,240,1446.149276,74706.5,27.99418695,0.870025989,instability
594,26,450,0.402228236,0.005126692,-0.857530653,0.40139702,-0.381465107,524,2137.68838,238483.5,19.16154203,0.582654523,252,1356.249781,82118,22.39963794,0.838679422,instability
588,52,453,-0.060003798,0.299123645,0.500786364,0.188950107,0.202476844,496,2074.374671,227785.5,18.89071199,0.605095878,260,1381.178713,87156.5,21.88769211,0.836575263,instability
594,37,447,0.253581613,0.134825096,-0.303539157,0.352962106,-0.196610793,524,2139.002088,238136.5,19.21305609,0.576324006,276,1403.320849,88575.5,22.23311643,0.806930376,instability
567,38,462,0.122204676,0.172166035,-0.207429364,0.270213664,-0.01654318,504,2070.960458,225387,19.02894674,0.550015559,284,1461.80613,88607.5,24.11621094,0.814564452,instability
570,32,531,-0.328060746,0.322226733,-0.585995138,-0.021795236,0.578244507,512,2080.617312,225107,19.23071428,0.569394634,280,1673.504614,93666,29.90004584,0.856956196,instability
582,26,522,-0.228525192,0.260508388,-0.887398362,0.037533741,0.414093554,524,2118.374671,241947.5,18.54745864,0.53146382,256,1552.534052,87832,27.44286799,0.888967304,instability
591,25,492,0.141171336,0.165534049,-0.900135159,0.287864089,-0.071554668,524,2139.68838,237006.5,19.31704979,0.596750663,284,1478.291411,92176.5,23.70827159,0.835095862,instability
588,52,477,-0.316131771,0.354380995,0.353893787,-0.003023094,0.573744178,520,2120.031525,235563.5,19.07992397,0.552338018,256,1546.877198,83214,28.75512611,0.839619109,instability
585,29,480,0.085685864,0.145757049,-0.725406885,0.224665716,0.044701759,520,2125.445739,235189,19.20803945,0.578209547,268,1591.948265,84584.5,29.9617457,0.834715074,instability
576,30,459,0.277384222,0.079830632,-0.640569925,0.349790841,-0.230671883,516,2088.031525,230647.5,18.9027657,0.554372291,272,1398.835567,88336.5,22.15099019,0.839070429,instability
588,29,447,0.43893826,0.034964986,-0.683191776,0.449820995,-0.41744417,504,2096.960458,231638,18.98325474,0.616159052,268,1366.835567,89576.5,20.85635706,0.817503302,instability
582,47,480,-0.155675232,0.336160034,0.222263902,0.128346384,0.304035038,492,2063.88939,221273.5,19.25056283,0.599516642,268,1439.663994,97352.5,21.28997629,0.841433175,instability
570,26,468,0.336137801,0.068424262,-0.815824449,0.382039756,-0.308209956,492,2055.404109,220328.5,19.17448742,0.612744071,276,1430.492422,97261.5,21.03924542,0.82653886,instability
564,25,480,0.145869032,0.086070314,-0.917465806,0.234812647,-0.096292049,524,2105.303604,231477,19.1479208,0.525763964,272,1452.149276,95835.5,22.00372011,0.842889222,instability
564,52,537,-0.678557932,0.495341182,0.431617856,-0.232220948,1.090210438,492,2043.404109,218078.5,19.14677674,0.566636374,272,1553.462984,101198.5,23.84667008,0.868815374,instability
579,37,531,-0.484489143,0.380995691,-0.409155756,-0.12287505,0.734388769,532,2128.960458,237622,19.07429712,0.54977264,260,1530.149276,94920.5,24.66650308,0.871630616,instability
582,49,531,-0.610420763,0.475988477,0.198247924,-0.179621994,0.938272715,516,2112.031525,229399.5,19.44501695,0.562026032,244,1516.492422,99354.5,23.14690592,0.888025763,instability
597,55,531,-0.621358454,0.5458197,0.510227978,-0.141595349,0.998938322,524,2144.274166,236392,19.4503693,0.568602501,252,1512.00714,98947.5,23.1048343,0.885397405,instability
588,50,519,-0.512573183,0.462785929,0.263166726,-0.097957797,0.788118303,516,2118.031525,233428.5,19.21812265,0.563934088,248,1523.279218,104724,22.15709462,0.895795389,instability
603,53,525,-0.511148095,0.522910058,0.382841647,-0.06859044,0.799982607,528,2178.901583,240062,19.77660816,0.573610279,252,1530.450791,110816,21.13665558,0.878286031,instability
588,31,546,-0.426475316,0.371236533,-0.750610471,-0.085726865,0.615471125,520,2114.173661,233540.5,19.13899417,0.508977319,244,1593.078208,109708,23.13320976,0.899049011,instability
579,42,546,-0.630701721,0.449701279,-0.202235654,-0.224229857,0.922546387,516,2115.445739,232542,19.24431146,0.563900044,248,1590.00714,113236.5,22.32604069,0.881971183,instability
603,53,552,-0.790459871,0.570776284,0.327520937,-0.282625109,1.280897975,520,2157.830515,237755.5,19.58412122,0.589342383,236,1658.977703,90500.5,30.41095926,0.936078903,instability
597,51,534,-0.574731946,0.522633553,0.312102914,-0.114574678,0.919344187,512,2119.68838,235564.5,19.07366699,0.587464097,268,1607.948265,107484.5,24.05460902,0.875312662,instability
615,43,522,-0.267982692,0.465372831,-0.073345616,0.120770238,0.461520523,508,2140.658942,234236.5,19.56322224,0.635869059,280,1592.534052,108692,23.3334993,0.850535724,instability
591,26,552,-0.382498533,0.346448988,-0.927609205,-0.057700541,0.598680377,516,2125.244729,233188,19.36920063,0.577593009,248,1652.534052,99926,27.32891131,0.907605875,instability
591,29,504,0.038478531,0.254336178,-0.740902305,0.25224784,0.046006896,516,2112.173661,232905.5,19.15488288,0.578800637,296,1549.705625,108305,22.17429964,0.825033476,instability
612,30,558,-0.365692019,0.457081705,-0.776705265,0.025906704,0.575768888,532,2194.315796,243390.5,19.7831132,0.564414995,272,1655.948265,106320.5,25.79149512,0.891221532,instability
591,41,543,-0.408571243,0.487875938,-0.161084533,0.01165205,0.662400603,508,2098.516807,230295.5,19.12227025,0.557216636,300,1620.291411,113417.5,23.14761176,0.853873999,instability
597,43,531,-0.382436007,0.484800518,-0.09387178,0.035940692,0.625210881,528,2149.345234,239486.5,19.2899597,0.531647897,292,1584.391916,108706,23.09254084,0.864926124,instability
591,33,537,-0.196699589,0.405028671,-0.523914516,0.148783118,0.358793348,500,2085.445739,227433,19.12248412,0.582678148,304,1607.119838,112140.5,23.03212643,0.856555873,instability
597,33,540,-0.238840014,0.41913563,-0.564769983,0.118697897,0.401853204,512,2121.445739,233979,19.23476903,0.623910698,304,1612.534052,114838,22.64290625,0.854848028,instability
597,49,534,-0.427165747,0.53559196,0.233175561,0.020154227,0.720123887,520,2135.102593,235737,19.33791931,0.558964045,316,1622.776692,118901.5,22.14777941,0.836497521,instability
600,53,555,-0.558844268,0.627655447,0.412614912,-0.045002472,0.948015094,520,2143.244729,228823,20.07445915,0.551954659,312,1656.776692,124212.5,22.09849257,0.848597825,instability
582,33,516,-0.193799153,0.317962021,-0.57255435,0.090840042,0.322782248,516,2106.475177,233456,19.00674075,0.560818673,280,1530.391916,106825,21.92463765,0.84940496,instability
600,35,534,-0.249365911,0.429156929,-0.492952853,0.101224482,0.405335069,520,2143.830515,224994.5,20.42720723,0.522277579,276,1557.80613,109211.5,22.22073626,0.8648864,instability
594,41,552,-0.472389936,0.510890484,-0.20822227,-0.04296327,0.724271297,508,2109.93102,221842,20.06747555,0.555546106,272,1586.391916,113601,22.15332006,0.873062032,instability
600,46,507,-0.250526845,0.439818621,0.130590737,0.118632607,0.448443741,508,2128.173661,232597.5,19.47193384,0.589110716,284,1511.80613,103678.5,22.04466475,0.848837495,instability
591,49,570,-0.695722401,0.610760868,0.177583426,-0.175126463,1.117052555,516,2126.558437,227069,19.91575594,0.529814388,276,1642.877198,114894,23.49161389,0.888989951,instability
